CATALUNYA;GLOBAL;2021-09-19;2021-09-25;No;60.03;0.939358;63.9053;28.6637;2218;1577.9133;77140;44959;2.2550;212;30;30;1124;1094;1227;1091;63689;39104;31231;46462
CATALUNYA;GLOBAL;2021-09-18;2021-09-24;No;58.7173;0.909618;64.5515;28.8058;2229;1575.1736;77877;44010;2.2589;216;28;33;1129;1100;1232;1084;64292;38236;32081;47673
CATALUNYA;GLOBAL;2021-09-17;2021-09-23;No;57.5149;0.86384;66.5804;28.7671;2226;1611.2682;81089;43591;2.2151;224;31;29;1147;1079;1262;1059;66971;37809;37251;49369
CATALUNYA;GLOBAL;2021-09-16;2021-09-22;No;58.9692;0.854982;68.9712;29.8526;2310;1599.3142;82663;41092;2.2898;240;35;29;1215;1095;1297;1080;68181;35629;39187;49381
CATALUNYA;GLOBAL;2021-09-15;2021-09-21;No;60.7069;0.848998;71.5042;30.4988;2360;1623.5452;86615;39015;2.3171;242;43;35;1228;1132;1313;1120;71189;33812;41554;51277
CATALUNYA;GLOBAL;2021-09-14;2021-09-20;No;64.3198;0.854432;75.2778;32.1271;2486;1615.3907;88006;36993;2.4965;251;39;32;1300;1186;1412;1185;71997;32030;43973;51884
CATALUNYA;GLOBAL;2021-09-13;2021-09-19;No;67.9509;0.858596;79.1418;34.2982;2654;1579.8518;87412;34837;2.7443;255;42;32;1383;1271;1498;1284;71305;30067;46663;53961
CATALUNYA;GLOBAL;2021-09-12;2021-09-18;No;70.2415;0.865354;81.1708;35.2416;2727;1574.8117;87277;34582;2.8035;261;43;32;1422;1305;1518;1315;71201;29853;47375;55986
CATALUNYA;GLOBAL;2021-09-11;2021-09-17;No;71.9654;0.865374;83.1609;35.7456;2766;1558.2442;86335;34242;2.8651;268;49;34;1445;1321;1524;1339;70364;29562;48094;54758
CATALUNYA;GLOBAL;2021-09-10;2021-09-16;No;75.181;0.87219;86.1979;37.8133;2926;1552.0022;86612;33482;3.0820;276;59;43;1546;1380;1655;1404;70402;28852;50731;63023
CATALUNYA;GLOBAL;2021-09-09;2021-09-15;No;78.2808;0.882484;88.7050;39.1186;3027;1587.8901;90299;32572;3.1563;279;62;51;1568;1459;1717;1472;72958;28078;55277;67870
CATALUNYA;GLOBAL;2021-09-08;2021-09-14;No;82.3396;0.897008;91.7936;41.0054;3173;1614.0596;92395;32501;3.2492;291;59;51;1624;1549;1769;1559;74456;27969;58611;74157
CATALUNYA;GLOBAL;2021-09-07;2021-09-13;No;86.4724;0.908642;95.1666;43.1506;3339;1622.2788;92737;32795;3.3663;312;63;59;1700;1639;1791;1663;74499;28107;63740;81516
CATALUNYA;GLOBAL;2021-09-06;2021-09-12;No;90.9574;0.916683;99.2245;44.8436;3470;1619.7200;92284;33050;3.5380;333;71;67;1725;1745;1852;1770;74004;28371;65382;98412
CATALUNYA;GLOBAL;2021-09-05;2021-09-11;No;93.2948;0.922811;101.0984;45.9291;3554;1620.5471;92092;33306;3.5984;342;75;71;1727;1827;1857;1828;73813;28595;65466;99198
CATALUNYA;GLOBAL;2021-09-04;2021-09-10;No;95.5719;0.920966;103.7735;47.4153;3669;1640.3325;92647;34282;3.6620;355;83;72;1786;1883;1916;1881;74252;29435;66073;109097
CATALUNYA;GLOBAL;2021-09-03;2021-09-09;No;96.8791;0.894252;108.3354;48.3845;3744;1647.9055;91706;35809;3.6850;393;88;74;1724;2020;1810;2028;73352;30799;63981;119088
CATALUNYA;GLOBAL;2021-09-02;2021-09-08;No;98.0824;0.860892;113.9311;49.5864;3837;1678.8954;92510;37403;3.6834;422;89;71;1742;2095;1802;2108;73996;32156;63715;132699
CATALUNYA;GLOBAL;2021-09-01;2021-09-07;No;98.8239;0.828763;119.2426;50.7882;3930;1701.5240;93295;38369;3.7036;430;103;75;1775;2155;1837;2146;74422;33121;62465;148269
CATALUNYA;GLOBAL;2021-08-31;2021-09-06;No;100.715;0.804017;125.2648;52.0159;4025;1728.9471;92677;41109;3.7604;449;103;74;1767;2258;1873;2245;73916;35594;60130;168958
CATALUNYA;GLOBAL;2021-08-30;2021-09-05;No;105.729;0.789932;133.8458;54.3809;4208;1770.1981;93095;43883;3.8440;452;105;66;1771;2437;1887;2420;74069;37976;60248;165025
CATALUNYA;GLOBAL;2021-08-29;2021-09-04;No;107.073;0.78171;136.9733;55.1692;4269;1792.7232;93239;45482;3.8691;454;109;64;1805;2464;1931;2466;74190;39455;60297;168300
CATALUNYA;GLOBAL;2021-08-28;2021-09-03;No;109.72;0.775783;141.4318;56.3582;4361;1803.4495;92309;47242;3.9283;482;101;67;1826;2535;1961;2537;73403;41099;59730;168269
CATALUNYA;GLOBAL;2021-08-27;2021-09-02;No;116.449;0.772598;150.7236;59.9508;4639;1825.1089;91580;49647;4.1468;495;96;65;1950;2689;2110;2701;72718;43300;60313;179225
CATALUNYA;GLOBAL;2021-08-26;2021-09-01;No;124.128;0.774098;160.3514;64.3447;4979;1820.8700;89249;51650;4.4557;507;103;69;2072;2907;2252;2911;70771;45103;58675;189352
CATALUNYA;GLOBAL;2021-08-25;2021-08-31;No;131.91;0.778817;169.3718;68.4543;5297;1834.1551;88233;53694;4.7540;535;101;82;2166;3131;2384;3170;69896;46932;60444;197840
CATALUNYA;GLOBAL;2021-08-24;2021-08-30;No;140.574;0.788979;178.1725;73.2488;5668;1824.9409;87267;53947;5.1222;556;112;82;2308;3360;2563;3390;69014;47206;60562;201469
CATALUNYA;GLOBAL;2021-08-23;2021-08-29;No;152.544;0.799015;190.9148;79.4649;6149;1838.9238;87400;54896;5.4949;581;112;87;2488;3661;2747;3692;69121;48060;64943;203493
CATALUNYA;GLOBAL;2021-08-22;2021-08-28;No;159.008;0.809797;196.3555;81.8040;6330;1839.8026;87255;55109;5.6388;610;114;93;2528;3802;2778;3828;68943;48209;65384;200171
CATALUNYA;GLOBAL;2021-08-21;2021-08-27;No;166.14;0.820938;202.3777;85.0736;6583;1849.5467;87324;55794;5.8772;620;122;91;2601;3982;2894;4023;68949;48743;66473;201612
CATALUNYA;GLOBAL;2021-08-20;2021-08-26;No;177.624;0.840337;211.3723;90.7727;7024;1867.8201;87987;56545;6.1904;617;148;96;2728;4296;3028;4323;69363;49385;74358;191829
CATALUNYA;GLOBAL;2021-08-19;2021-08-25;No;188.206;0.85471;220.1989;96.0066;7429;1894.0284;89486;57074;6.4674;630;132;100;2881;4548;3206;4580;70435;49953;79864;179823
CATALUNYA;GLOBAL;2021-08-18;2021-08-24;No;199.692;0.863395;231.2870;100.9174;7809;1886.0548;88203;57740;6.8022;662;138;91;3006;4803;3321;4837;69362;50569;82228;166614
CATALUNYA;GLOBAL;2021-08-17;2021-08-23;No;209.873;0.865394;242.5173;104.9236;8119;1897.1559;88289;58513;7.0613;675;140;110;3073;5046;3426;5099;69382;51346;89150;153795
CATALUNYA;GLOBAL;2021-08-16;2021-08-22;No;222.533;0.866351;256.8621;111.4499;8624;1911.8883;88484;59458;7.4071;706;139;114;3235;5389;3557;5448;69401;52171;107455;145399
CATALUNYA;GLOBAL;2021-08-15;2021-08-21;No;226.629;0.863233;262.5354;114.5515;8864;1919.8361;88860;59697;7.5615;746;149;119;3277;5587;3609;5625;69701;52418;108507;143505
CATALUNYA;GLOBAL;2021-08-14;2021-08-20;No;229.959;0.855164;268.9065;117.3041;9077;1930.7950;89303;60102;7.6366;786;160;125;3318;5759;3597;5783;69992;52838;121591;138170
CATALUNYA;GLOBAL;2021-08-13;2021-08-19;No;236.322;0.840495;281.1706;120.5995;9332;1953.1910;90710;60428;7.8271;829;145;126;3425;5907;3796;5918;70966;53141;132416;139488
CATALUNYA;GLOBAL;2021-08-12;2021-08-18;No;244.134;0.831072;293.7579;124.1922;9610;1976.2848;92098;60827;7.9820;865;164;127;3506;6104;3926;6111;72236;53510;143759;149287
CATALUNYA;GLOBAL;2021-08-11;2021-08-17;No;254.76;0.824756;308.8910;130.3695;10088;2001.5756;93805;61077;8.2796;873;166;133;3687;6401;4146;6410;73747;53747;163746;144908
CATALUNYA;GLOBAL;2021-08-10;2021-08-16;No;267.692;0.818704;326.9706;137.5936;10647;2039.1434;95735;62054;8.5322;929;172;130;3941;6706;4379;6705;75297;54611;191215;133569
CATALUNYA;GLOBAL;2021-08-09;2021-08-15;No;283.634;0.812212;349.2115;145.4121;11252;2073.8810;97259;63218;8.9121;975;227;139;4112;7140;4634;7147;76400;55791;188845;128569
CATALUNYA;GLOBAL;2021-08-08;2021-08-14;No;287.838;0.80957;355.5438;147.9838;11451;2084.4134;97905;63387;9.0117;990;221;136;4196;7255;4730;7244;76938;55933;194230;131884
CATALUNYA;GLOBAL;2021-08-07;2021-08-13;No;296.023;0.809437;365.7144;151.6024;11731;2109.6913;99074;64174;9.1134;1010;216;145;4273;7458;4844;7429;77957;56713;192332;125928
CATALUNYA;GLOBAL;2021-08-06;2021-08-12;No;314.028;0.805927;389.6482;160.5711;12425;2171.2188;101789;66220;9.3633;1040;215;148;4564;7861;5110;7877;80172;58529;192454;120967
CATALUNYA;GLOBAL;2021-08-05;2021-08-11;No;330.013;0.799237;412.9100;169.5656;13121;2201.2394;102398;67934;9.7527;1081;229;148;4813;8308;5373;8361;80682;60140;206599;107165
CATALUNYA;GLOBAL;2021-08-04;2021-08-10;No;348.393;0.79002;440.9922;178.5214;13814;2265.3774;105637;69658;9.9703;1164;251;154;5048;8766;5642;8810;83168;61782;221752;98658
CATALUNYA;GLOBAL;2021-08-03;2021-08-09;No;369.762;0.780197;473.9335;189.3770;14654;2325.7548;108320;71647;10.3414;1215;272;150;5323;9331;6049;9376;85456;63702;223244;95063
CATALUNYA;GLOBAL;2021-08-02;2021-08-08;No;399.058;0.771246;517.4202;203.7993;15770;2397.0005;110856;74624;10.6428;1221;248;146;5720;10050;6397;9995;87541;66478;215065;103656
CATALUNYA;GLOBAL;2021-08-01;2021-08-07;No;406.694;0.761691;533.9361;207.5599;16061;2427.9646;112146;75730;10.6964;1244;262;148;5832;10229;6525;10179;88661;67503;212867;107861
CATALUNYA;GLOBAL;2021-07-31;2021-08-06;No;415.162;0.748126;554.9363;214.1120;16568;2470.4562;113260;77904;10.8017;1289;284;149;6026;10542;6690;10496;89713;69391;206207;122303
CATALUNYA;GLOBAL;2021-07-30;2021-08-05;No;438.498;0.740093;592.4912;229.0771;17726;2586.5714;116904;83245;11.0886;1413;303;157;6352;11374;7198;11333;92864;74254;208341;129075
CATALUNYA;GLOBAL;2021-07-29;2021-08-04;No;467.675;0.73862;633.1736;243.3444;18830;2686.9590;120945;86972;11.3081;1460;319;162;6727;12103;7614;12067;96315;77729;198348;142370
CATALUNYA;GLOBAL;2021-07-28;2021-08-03;No;506.132;0.741472;682.6049;262.4707;20310;2784.2322;124954;90490;11.7320;1544;308;162;7228;13082;8161;13053;99868;80953;185113;162921
CATALUNYA;GLOBAL;2021-07-27;2021-08-02;No;547.627;0.746546;733.5483;284.5565;22019;2894.7258;130604;93390;12.2678;1604;307;164;7709;14310;8725;14364;104519;83689;176625;174764
CATALUNYA;GLOBAL;2021-07-26;2021-08-01;No;600.848;0.753324;797.5958;313.6209;24268;2974.8369;133524;96669;13.1047;1698;302;157;8349;15919;9387;16068;107325;86918;175773;175472
CATALUNYA;GLOBAL;2021-07-25;2021-07-31;No;626.814;0.759364;825.4454;326.3761;25255;2998.1116;134169;97825;13.4844;1777;315;167;8556;16699;9563;16840;107747;88057;173552;182708
CATALUNYA;GLOBAL;2021-07-24;2021-07-30;No;657.46;0.766536;857.7018;340.8243;26373;3024.8239;136081;97980;13.9250;1821;303;174;8901;17472;9967;17561;109340;88348;176851;181652
CATALUNYA;GLOBAL;2021-07-23;2021-07-29;No;706.019;0.781436;903.4888;363.4141;28121;3112.1203;141593;99223;14.3786;1835;301;162;9550;18571;10665;18639;113909;89894;172920;198291
CATALUNYA;GLOBAL;2021-07-22;2021-07-28;No;761.259;0.797636;954.3934;389.8292;30165;3168.2976;142688;102475;15.1154;1877;291;150;10241;19924;11402;20069;115135;93070;171653;204893
CATALUNYA;GLOBAL;2021-07-21;2021-07-27;No;820.105;0.815123;1006.1121;420.1341;32510;3185.9766;140027;106504;16.1363;1894;299;137;10958;21552;12248;21775;113865;96982;154062;219199
CATALUNYA;GLOBAL;2021-07-20;2021-07-26;No;876.106;0.831389;1053.7859;448.9917;34743;3195.4105;136697;110564;17.0485;1960;319;125;11815;22928;13139;23195;112216;100906;146340;231728
CATALUNYA;GLOBAL;2021-07-19;2021-07-25;No;934.677;0.849267;1100.5680;483.9749;37450;3246.9613;137487;113763;17.9412;1948;303;134;12402;25048;13691;25293;113228;104060;140662;261234
CATALUNYA;GLOBAL;2021-07-18;2021-07-24;No;973.249;0.867827;1121.4778;499.0692;38618;3261.2932;138061;114298;18.3866;1932;283;114;12654;25964;14036;26169;113968;104697;140866;262556
CATALUNYA;GLOBAL;2021-07-17;2021-07-23;No;1025.59;0.898028;1142.0516;516.8774;39996;3274.2422;138816;114545;18.8910;1933;284;91;13024;26972;14376;27192;114969;105072;139014;272585
CATALUNYA;GLOBAL;2021-07-16;2021-07-22;No;1094.25;0.932356;1173.6359;540.0746;41791;3223.3506;135030;114393;19.9774;1918;286;93;13290;28501;14689;28831;112645;105201;138881;275689
CATALUNYA;GLOBAL;2021-07-15;2021-07-21;No;1155.03;0.956784;1207.1976;564.5641;43686;3196.4315;131504;115836;20.8885;1901;277;87;13682;30004;15103;30310;110777;106630;161444;271059
CATALUNYA;GLOBAL;2021-07-14;2021-07-20;No;1199.4;0.968009;1239.0404;585.9779;45343;3186.1963;129785;116763;21.6239;1851;263;79;14117;31226;15583;31529;110133;107737;178142;279149
CATALUNYA;GLOBAL;2021-07-13;2021-07-19;No;1229.23;0.977161;1257.9600;604.7942;46799;3231.0528;132925;117094;21.8969;1746;220;76;14395;32404;15829;32632;113070;108244;168249;302470
CATALUNYA;GLOBAL;2021-07-12;2021-07-18;No;1234.99;0.989179;1248.5002;616.5931;47712;3247.4524;134830;116458;22.0725;1716;226;58;14762;32950;16260;32971;115179;107863;181941;312045
CATALUNYA;GLOBAL;2021-07-11;2021-07-17;No;1256.04;1.01328;1239.5832;622.4085;48162;3261.2415;135219;117136;22.0595;1669;224;55;14971;33191;16355;33091;115654;108494;197924;317754
CATALUNYA;GLOBAL;2021-07-10;2021-07-16;No;1314.74;1.06909;1229.7744;625.1741;48376;3303.2937;137929;117680;21.8278;1574;215;52;15159;33217;16612;33011;118289;109050;211537;342703
CATALUNYA;GLOBAL;2021-07-09;2021-07-15;No;1411.69;1.16322;1213.6075;633.5613;49025;3416.5141;147440;116930;21.3029;1454;203;35;16249;32776;17827;32476;127655;108477;220804;365801
CATALUNYA;GLOBAL;2021-07-08;2021-07-14;No;1474.77;1.23701;1192.2066;642.6334;49727;3495.7464;155220;115281;21.0336;1360;194;34;17311;32416;18987;32021;135398;107109;218623;398044
CATALUNYA;GLOBAL;2021-07-07;2021-07-13;No;1505.5;1.29243;1164.8611;653.0624;50534;3549.0030;161377;113245;20.8866;1225;177;28;18261;32273;19896;31687;141763;105204;216560;426128
CATALUNYA;GLOBAL;2021-07-06;2021-07-12;No;1492.37;1.33675;1116.4119;653.1658;50542;3536.9327;163468;110220;20.7016;1111;163;22;18977;31565;20362;30788;144612;102470;236735;444920
CATALUNYA;GLOBAL;2021-07-05;2021-07-11;No;1434.7;1.37588;1042.7495;631.9071;48897;3486.7777;164688;105119;20.0215;972;149;19;19249;29648;20188;28724;146447;97850;241401;457702
CATALUNYA;GLOBAL;2021-07-04;2021-07-10;No;1445.45;1.4325;1009.0457;617.1746;47757;3480.5228;165820;103503;19.6594;883;128;19;19065;28692;20059;27895;147552;96372;244619;458846
CATALUNYA;GLOBAL;2021-07-03;2021-07-09;No;1525.18;1.58205;964.0470;604.6003;46784;3487.6952;168551;101327;19.2317;811;113;18;19035;27749;20026;27009;150193;94377;249209;451461
CATALUNYA;GLOBAL;2021-07-02;2021-07-08;No;1742.04;1.96943;884.5433;580.0462;44884;3378.7136;163796;97649;18.8385;724;91;17;18443;26441;19118;25583;146337;90948;260199;461143
CATALUNYA;GLOBAL;2021-07-01;2021-07-07;No;1920.67;2.44182;786.5723;549.5732;42526;3234.9427;156183;94137;18.4323;632;79;13;17422;25104;17803;24104;139697;87659;257785;466152
CATALUNYA;GLOBAL;2021-06-30;2021-07-06;No;1994.0;2.90428;686.5724;511.7986;39603;3054.1338;146631;89698;18.0016;573;71;14;16249;23354;16443;22227;131187;83627;284997;442686
CATALUNYA;GLOBAL;2021-06-29;2021-07-05;No;1940.56;3.27596;592.3620;463.2460;35846;2865.2091;138240;83470;17.3110;509;69;13;14872;20974;15065;19823;123753;77784;300026;422002
CATALUNYA;GLOBAL;2021-06-28;2021-07-04;No;1720.22;3.42125;502.8040;410.8423;31791;2694.2089;130408;78070;16.4197;473;65;12;13335;18456;13704;17438;116949;72713;310742;412233
CATALUNYA;GLOBAL;2021-06-27;2021-07-03;No;1640.06;3.47989;471.2972;391.8710;30323;2615.6616;126757;75643;16.0981;444;67;10;12834;17489;13133;16507;113706;70415;314830;414843
CATALUNYA;GLOBAL;2021-06-26;2021-07-02;No;1462.73;3.39582;430.7441;359.4466;27814;2451.2910;117545;72136;15.6825;411;68;8;11742;16072;11920;15132;105387;67111;310721;419810
CATALUNYA;GLOBAL;2021-06-25;2021-07-01;No;1123.44;3.07823;364.9649;304.4971;23562;2177.1376;102538;65929;14.8013;370;59;8;9739;13823;9780;12913;92030;61288;301283;392790
CATALUNYA;GLOBAL;2021-06-24;2021-06-30;No;778.128;2.60194;299.0564;236.9991;18339;1773.2609;83790;53425;14.0104;340;51;8;7564;10775;7548;9968;75355;49666;266789;335687
CATALUNYA;GLOBAL;2021-06-23;2021-06-29;No;499.402;2.15875;231.3387;174.7737;13524;1569.4874;74076;47371;11.5579;309;51;8;5741;7783;5640;7164;66830;43951;257072;321547
CATALUNYA;GLOBAL;2021-06-22;2021-06-28;No;323.57;1.78701;181.0673;129.1159;9991;1409.4073;65219;43841;9.4041;300;56;9;4196;5795;4058;5304;58930;40622;273988;321309
CATALUNYA;GLOBAL;2021-06-21;2021-06-27;No;226.043;1.61448;140.0102;91.9616;7116;1308.7483;60948;40323;7.3907;297;52;10;3067;4049;3066;3753;54962;37303;280919;305300
CATALUNYA;GLOBAL;2021-06-20;2021-06-26;No;188.973;1.49608;126.3116;79.4261;6146;1275.7036;60054;38660;6.5871;286;59;10;2797;3349;2824;3096;54130;35743;273356;295828
CATALUNYA;GLOBAL;2021-06-19;2021-06-25;No;167.912;1.4289;117.5109;71.2974;5517;1253.6824;59594;37416;6.1295;295;54;9;2594;2923;2688;2724;53708;34587;289230;270383
CATALUNYA;GLOBAL;2021-06-18;2021-06-24;No;142.86;1.36156;104.9236;60.4677;4679;1221.9947;59429;35129;5.3052;298;57;10;2313;2366;2355;2212;53584;32502;319316;253999
CATALUNYA;GLOBAL;2021-06-17;2021-06-23;No;141.063;1.33637;105.5569;62.0573;4802;1372.8088;67318;38910;4.9233;303;63;13;2430;2372;2508;2254;60728;35996;368149;277181
CATALUNYA;GLOBAL;2021-06-16;2021-06-22;No;126.652;1.28377;98.6559;56.5649;4377;1357.8178;67947;37121;4.5683;307;64;15;2228;2149;2294;2075;61275;34362;378551;265996
CATALUNYA;GLOBAL;2021-06-15;2021-06-21;No;116.33;1.24006;93.8097;51.9513;4020;1374.6826;70715;35658;4.1421;307;61;12;2083;1937;2138;1868;63728;32986;374134;235905
CATALUNYA;GLOBAL;2021-06-14;2021-06-20;No;109.401;1.21091;90.3462;48.0485;3718;1373.6488;71714;34579;3.8777;300;60;15;1978;1740;2046;1703;64649;32033;388009;205179
CATALUNYA;GLOBAL;2021-06-13;2021-06-19;No;105.544;1.18208;89.2865;46.8854;3628;1372.9509;71982;34257;3.8054;309;55;14;1939;1689;2024;1653;64906;31720;384350;198269
CATALUNYA;GLOBAL;2021-06-12;2021-06-18;No;101.284;1.13093;89.5579;46.2134;3576;1363.5428;71779;33732;3.7725;298;57;15;1915;1661;1990;1632;64769;31241;376750;195163
CATALUNYA;GLOBAL;2021-06-11;2021-06-17;No;92.6667;1.04117;89.0022;44.4559;3440;1363.0388;72356;33116;3.6444;308;63;16;1844;1596;1929;1564;65192;30653;378151;192070
CATALUNYA;GLOBAL;2021-06-10;2021-06-16;No;87.8146;0.992419;88.4853;43.4995;3366;1351.0590;71602;32943;3.6282;313;62;16;1837;1529;1937;1508;64446;30505;367004;199959
CATALUNYA;GLOBAL;2021-06-09;2021-06-15;No;84.8974;0.967079;87.7874;42.0909;3257;1356.3187;72094;32858;3.4908;313;62;12;1794;1463;1899;1430;64919;30445;355218;212885
CATALUNYA;GLOBAL;2021-06-08;2021-06-14;No;84.6176;0.959653;88.1751;41.8583;3239;1360.8031;71992;33307;3.4896;321;59;15;1768;1471;1882;1458;64854;30859;329784;231893
CATALUNYA;GLOBAL;2021-06-07;2021-06-13;No;86.1259;0.959877;89.7259;42.2977;3273;1377.3448;72826;33753;3.5015;325;63;14;1772;1501;1911;1481;65585;31288;320097;236484
CATALUNYA;GLOBAL;2021-06-06;2021-06-12;No;87.169;0.966215;90.2170;42.4011;3281;1376.0525;72656;33823;3.5268;313;66;16;1772;1509;1914;1500;65439;31363;315778;237331
CATALUNYA;GLOBAL;2021-06-05;2021-06-11;No;88.8392;0.975366;91.0829;43.3445;3354;1383.1473;73236;33792;3.5601;312;67;15;1800;1554;1920;1544;65985;31317;308053;246109
CATALUNYA;GLOBAL;2021-06-04;2021-06-10;No;91.3276;0.977446;93.4349;44.5463;3447;1381.9326;74002;32932;3.6200;318;62;15;1855;1592;1984;1536;66658;30580;269599;275310
CATALUNYA;GLOBAL;2021-06-03;2021-06-09;No;92.5222;0.968268;95.5543;44.9857;3481;1413.9046;76046;33362;3.5405;344;68;15;1884;1597;1984;1540;68530;31003;252516;276911
CATALUNYA;GLOBAL;2021-06-02;2021-06-08;No;93.9002;0.954796;98.3457;45.6965;3536;1450.2189;78303;33915;3.5157;359;70;21;1927;1609;2034;1554;70544;31512;228915;284814
CATALUNYA;GLOBAL;2021-06-01;2021-06-07;No;95.731;0.938868;101.9642;46.3168;3584;1480.1620;80975;33560;3.5115;364;71;20;1979;1605;2131;1529;72977;31251;206164;292909
CATALUNYA;GLOBAL;2021-05-31;2021-06-06;No;94.8772;0.936071;101.3568;47.4282;3670;1503.0878;82501;33808;3.4985;394;70;23;2040;1630;2168;1536;74434;31439;163872;305281
CATALUNYA;GLOBAL;2021-05-30;2021-06-05;No;95.857;0.938083;102.1839;47.8159;3700;1514.2923;83062;34114;3.5019;402;64;22;2061;1639;2190;1547;74955;31758;155831;314692
CATALUNYA;GLOBAL;2021-05-29;2021-06-04;No;99.7191;0.976249;102.1452;47.7384;3694;1517.9366;83326;34132;3.5063;418;68;24;2072;1622;2217;1533;75141;31809;141732;315296
CATALUNYA;GLOBAL;2021-05-28;2021-06-03;No;104.578;1.00977;103.5667;48.8885;3783;1561.8885;85527;35332;3.5463;426;73;28;2171;1612;2322;1582;77189;32898;134944;306211
CATALUNYA;GLOBAL;2021-05-27;2021-06-02;No;110.727;1.0477;105.6861;50.5685;3913;1564.8092;85503;35582;3.6997;415;75;25;2221;1692;2422;1656;77133;33092;137759;281681
CATALUNYA;GLOBAL;2021-05-26;2021-06-01;No;114.323;1.06173;107.6763;52.6492;4074;1582.8242;86468;36011;3.7932;442;77;24;2350;1724;2533;1700;78057;33538;144939;244410
CATALUNYA;GLOBAL;2021-05-25;2021-05-31;No;117.738;1.07145;109.8862;55.6474;4306;1605.4010;86562;37664;3.9228;449;89;25;2489;1817;2645;1795;78075;35110;154062;217203
CATALUNYA;GLOBAL;2021-05-24;2021-05-30;No;118.527;1.05846;111.9797;53.9286;4173;1500.7100;81283;34842;4.0636;424;92;28;2420;1753;2535;1762;73239;32504;149435;194694
CATALUNYA;GLOBAL;2021-05-23;2021-05-29;No;118.527;1.04962;112.9231;54.3680;4207;1501.1106;81515;34641;4.0982;425;98;30;2444;1763;2559;1774;73433;32296;150130;181839
CATALUNYA;GLOBAL;2021-05-22;2021-05-28;No;114.361;1.00675;113.5951;54.4067;4210;1493.5117;80831;34737;4.1130;422;98;30;2416;1794;2527;1800;72815;32388;154163;162362
CATALUNYA;GLOBAL;2021-05-21;2021-05-27;No;113.162;0.989659;114.3447;54.6781;4231;1481.0537;79804;34800;4.1850;430;106;29;2409;1822;2546;1818;71792;32485;164388;143313
CATALUNYA;GLOBAL;2021-05-20;2021-05-26;No;112.244;0.977873;114.7841;55.1175;4265;1508.9162;81927;34833;4.0710;445;99;33;2457;1808;2536;1788;73687;32528;183144;128212
CATALUNYA;GLOBAL;2021-05-19;2021-05-25;No;114.273;0.980096;116.5933;55.0271;4258;1529.6063;83326;35035;4.0429;432;100;35;2453;1805;2562;1785;74821;32700;207760;116745
CATALUNYA;GLOBAL;2021-05-18;2021-05-24;No;115.651;0.982765;117.6789;54.2387;4197;1563.2196;86049;34913;3.8622;442;94;38;2457;1740;2525;1721;77363;32573;233104;101003
CATALUNYA;GLOBAL;2021-05-17;2021-05-23;No;122.831;0.989657;124.1146;58.0511;4492;1707.5462;93459;38671;3.8632;466;102;36;2626;1866;2793;1846;83948;36135;251807;93884
CATALUNYA;GLOBAL;2021-05-16;2021-05-22;No;123.378;0.981596;125.6913;58.5551;4531;1709.3426;93319;38950;3.8491;481;104;39;2666;1865;2783;1844;83812;36399;261484;84843
CATALUNYA;GLOBAL;2021-05-15;2021-05-21;No;122.398;0.953408;128.3793;59.1883;4580;1733.6770;95022;39130;3.8404;508;108;40;2716;1864;2840;1843;85390;36550;270649;75516
CATALUNYA;GLOBAL;2021-05-14;2021-05-20;No;119.903;0.89238;134.3628;59.6665;4617;1787.1663;98638;39653;3.7521;550;105;43;2725;1892;2817;1895;88584;37000;290602;57661
CATALUNYA;GLOBAL;2021-05-13;2021-05-19;No;118.025;0.840488;140.4238;59.6665;4617;1805.4785;99783;39925;3.7875;585;116;49;2760;1857;2930;1875;89607;37257;293921;71353
CATALUNYA;GLOBAL;2021-05-12;2021-05-18;No;119.063;0.806612;147.6091;61.5662;4764;1841.3017;102570;39910;3.8605;605;128;48;2922;1842;3134;1856;92031;37227;293051;81747
CATALUNYA;GLOBAL;2021-05-11;2021-05-17;No;122.615;0.781478;156.9009;63.4401;4909;1856.6286;103728;39938;3.9603;623;132;56;3039;1870;3256;1901;92979;37239;289296;82962
CATALUNYA;GLOBAL;2021-05-10;2021-05-16;No;128.266;0.769813;166.6191;66.0635;5112;1866.6958;104222;40223;4.0960;664;135;55;3160;1952;3373;1991;93481;37476;300947;82226
CATALUNYA;GLOBAL;2021-05-09;2021-05-15;No;130.782;0.766721;170.5737;67.1361;5195;1872.7697;104612;40303;4.1490;680;144;62;3170;2025;3401;2050;93846;37534;300710;82228
CATALUNYA;GLOBAL;2021-05-08;2021-05-14;No;135.699;0.779656;174.0500;69.1909;5354;1887.8899;105619;40466;4.2550;705;141;69;3267;2087;3504;2130;94712;37698;298419;82270
CATALUNYA;GLOBAL;2021-05-07;2021-05-13;No;148.27;0.800859;185.1381;74.6962;5780;1960.1049;110286;41387;4.4356;732;152;70;3607;2173;3904;2204;99129;38575;298279;90134
CATALUNYA;GLOBAL;2021-05-06;2021-05-12;No;161.774;0.822045;196.7949;80.7572;6249;2076.1297;118276;42375;4.5193;777;160;73;3919;2330;4222;2375;106480;39493;273934;114135
CATALUNYA;GLOBAL;2021-05-05;2021-05-11;No;173.516;0.836082;207.5341;86.0428;6658;2145.7600;122879;43160;4.6156;817;155;84;4197;2461;4457;2510;110737;40208;252993;147664
CATALUNYA;GLOBAL;2021-05-04;2021-05-10;No;187.369;0.851957;219.9275;93.4607;7232;2242.9686;129342;44219;4.8473;859;160;86;4619;2613;4975;2676;116645;41195;242162;167155
CATALUNYA;GLOBAL;2021-05-03;2021-05-09;No;199.989;0.860114;232.5147;100.5556;7781;2306.4604;133620;44854;5.0021;851;161;98;5002;2779;5285;2832;120496;41775;247115;166199
CATALUNYA;GLOBAL;2021-05-02;2021-05-08;No;205.791;0.867892;237.1154;103.4375;8004;2327.6932;135006;45111;5.0989;875;155;99;5131;2873;5423;2929;121771;42030;243391;166200
CATALUNYA;GLOBAL;2021-05-01;2021-05-07;No;211.591;0.872337;242.5560;104.8590;8114;2324.1394;134791;45051;5.1569;892;163;96;5180;2934;5453;2983;121628;41960;241327;166105
CATALUNYA;GLOBAL;2021-04-30;2021-05-06;No;223.281;0.889905;250.9044;110.4419;8546;2374.6175;138497;45251;5.3367;930;151;104;5461;3085;5747;3175;124999;42184;236590;179171
CATALUNYA;GLOBAL;2021-04-29;2021-05-05;No;234.248;0.907714;258.0639;116.0376;8979;2353.9662;136576;45574;5.5984;936;157;106;5756;3223;5978;3303;123221;42558;225338;185958
CATALUNYA;GLOBAL;2021-04-28;2021-05-04;No;246.517;0.928114;265.6111;121.4912;9401;2374.6433;137340;46410;5.8012;963;164;104;5928;3473;6181;3531;124027;43386;210089;191609
CATALUNYA;GLOBAL;2021-04-27;2021-05-03;No;257.523;0.942896;273.1195;126.4667;9786;2396.4319;138253;47183;5.9493;988;172;111;6129;3657;6363;3703;125006;44189;199300;184152
CATALUNYA;GLOBAL;2021-04-26;2021-05-02;No;266.884;0.959509;278.1466;131.9590;10211;2438.8072;140587;48128;6.1034;1042;181;103;6380;3831;6662;3867;127328;45183;180451;184661
CATALUNYA;GLOBAL;2021-04-25;2021-05-01;No;272.678;0.977159;279.0512;133.6778;10344;2434.9690;139881;48537;6.1583;1054;195;104;6413;3931;6664;3945;126672;45600;171061;184685
CATALUNYA;GLOBAL;2021-04-24;2021-04-30;No;284.87;1.0106;281.8814;137.6970;10655;2477.1892;142632;49053;6.2099;1058;191;110;6661;3994;6892;3990;129117;46120;154040;185083
CATALUNYA;GLOBAL;2021-04-23;2021-04-29;No;296.252;1.03916;285.0864;140.4625;10869;2453.4750;141263;48587;6.3670;1037;208;108;6797;4072;7027;4027;127905;45708;140171;149365
CATALUNYA;GLOBAL;2021-04-22;2021-04-28;No;302.932;1.05671;286.6759;142.0262;10990;2472.0328;142829;48457;6.4445;1059;210;105;6839;4151;7162;4104;129235;45580;153804;131929
CATALUNYA;GLOBAL;2021-04-21;2021-04-27;No;307.205;1.06446;288.6015;144.1198;11152;2477.5639;143415;48299;6.5216;1086;214;103;6940;4212;7224;4203;129734;45485;159531;123173
CATALUNYA;GLOBAL;2021-04-20;2021-04-26;No;308.877;1.07232;288.0458;146.6528;11348;2471.2186;143335;47888;6.6211;1087;217;97;7069;4279;7318;4254;129651;45123;156259;129796
CATALUNYA;GLOBAL;2021-04-19;2021-04-25;No;310.184;1.06837;290.3332;146.1875;11312;2453.3200;142227;47611;6.6078;1112;208;104;6990;4322;7166;4296;128630;44832;142685;129924
CATALUNYA;GLOBAL;2021-04-18;2021-04-24;No;308.414;1.06541;289.4803;145.3734;11249;2445.1525;141796;47410;6.5959;1129;193;100;6973;4276;7144;4258;128254;44611;142072;129896
CATALUNYA;GLOBAL;2021-04-17;2021-04-23;No;303.684;1.05377;288.1880;144.1844;11157;2428.8692;140672;47274;6.6120;1139;208;101;6859;4298;7083;4278;127323;44502;142193;129410
CATALUNYA;GLOBAL;2021-04-16;2021-04-22;No;304.033;1.04863;289.9326;144.6238;11191;2430.9240;140533;47572;6.6254;1168;209;105;6843;4348;7074;4308;126992;44801;154152;135050
CATALUNYA;GLOBAL;2021-04-15;2021-04-21;No;301.414;1.02719;293.4348;144.6497;11193;2425.3024;140524;47146;6.5752;1162;209;110;6837;4356;6984;4297;127087;44482;184561;108899
CATALUNYA;GLOBAL;2021-04-14;2021-04-20;No;299.099;1.01186;295.5930;144.4817;11180;2449.6627;143087;46468;6.4915;1165;211;123;6842;4338;6975;4264;129281;43852;226907;68109
CATALUNYA;GLOBAL;2021-04-13;2021-04-19;No;298.22;0.989889;301.2663;141.3930;10941;2465.3644;145029;45741;6.3665;1187;202;125;6634;4307;6832;4241;130784;43143;252797;39785
CATALUNYA;GLOBAL;2021-04-12;2021-04-18;No;287.049;1.00329;286.1073;144.1456;11154;2483.8059;146701;45496;6.4557;1162;220;130;6780;4374;6999;4299;132130;42878;262442;37883
CATALUNYA;GLOBAL;2021-04-11;2021-04-17;No;293.681;1.01856;288.3301;144.1069;11151;2483.0175;146808;45328;6.4436;1175;225;128;6775;4376;6973;4299;132192;42741;263188;37882
CATALUNYA;GLOBAL;2021-04-10;2021-04-16;No;320.274;1.10524;289.7775;144.0035;11143;2495.3463;147698;45392;6.3786;1178;217;130;6807;4336;6942;4268;132909;42835;265382;37852
CATALUNYA;GLOBAL;2021-04-09;2021-04-15;No;336.003;1.2206;275.2777;145.3087;11244;2550.7611;151354;46024;6.3468;1168;224;137;6873;4371;7091;4331;136526;43439;271852;28464
CATALUNYA;GLOBAL;2021-04-08;2021-04-14;No;368.099;1.34846;272.9773;148.7851;11513;2577.6931;152645;46817;6.4716;1178;228;144;7065;4448;7324;4415;137235;44158;272780;20385
CATALUNYA;GLOBAL;2021-04-07;2021-04-13;No;379.562;1.40087;270.9484;151.1113;11693;2534.1418;148956;47136;6.7504;1177;229;142;7201;4492;7578;4439;133560;44460;284298;16546
CATALUNYA;GLOBAL;2021-04-06;2021-04-12;No;382.549;1.41736;269.9016;159.8732;12371;2468.9312;141408;49638;7.2262;1179;249;148;7404;4967;7630;4884;126300;46875;278260;15172
CATALUNYA;GLOBAL;2021-04-05;2021-04-11;No;370.794;1.3881;267.1231;141.9616;10985;2133.0823;121828;43230;7.3940;1163;239;146;6476;4509;6628;4432;108687;40894;274550;14740
CATALUNYA;GLOBAL;2021-04-04;2021-04-10;No;361.06;1.35336;266.7871;144.2232;11160;2150.7225;122743;43680;7.4898;1164;240;150;6549;4611;6740;4555;109462;41343;286017;14742
CATALUNYA;GLOBAL;2021-04-03;2021-04-09;No;328.297;1.22972;266.9680;145.7740;11280;2120.1849;119763;44297;7.6999;1187;248;145;6534;4746;6729;4724;106867;41876;296606;15087
CATALUNYA;GLOBAL;2021-04-02;2021-04-08;No;281.589;1.068;263.6597;129.9689;10057;1744.4421;95842;39143;8.1257;1158;222;145;5653;4404;5571;4343;84963;37045;248057;10370
CATALUNYA;GLOBAL;2021-04-01;2021-04-07;No;245.846;0.95218;258.1931;124.1922;9610;1626.8665;88422;37465;8.4110;1174;207;141;5336;4274;5377;4226;78712;35460;229660;13884
CATALUNYA;GLOBAL;2021-03-31;2021-04-06;No;232.486;0.915557;253.9285;119.8371;9273;1540.5910;82512;36699;8.4492;1170;207;138;5065;4208;5005;4148;73594;34736;220763;20388
CATALUNYA;GLOBAL;2021-03-30;2021-04-05;No;224.503;0.921788;243.5511;110.0283;8514;1484.9953;81312;33597;8.1418;1139;190;130;4793;3721;4836;3691;72957;31774;236238;24863
CATALUNYA;GLOBAL;2021-03-29;2021-04-04;No;242.323;0.949032;255.3371;125.1614;9685;1739.1952;95655;38924;8.0253;1168;192;136;5516;4169;5697;4147;85807;36855;243933;26312
CATALUNYA;GLOBAL;2021-03-28;2021-04-03;No;246.467;0.979337;251.6669;122.5639;9484;1737.1404;96104;38316;7.8718;1142;190;140;5446;4038;5642;4011;86359;36268;235894;26311
CATALUNYA;GLOBAL;2021-03-27;2021-04-02;No;258.843;1.04706;247.2084;121.1940;9378;1778.6369;99729;37902;7.5842;1116;175;136;5454;3924;5649;3868;89575;35910;235761;26273
CATALUNYA;GLOBAL;2021-03-26;2021-04-01;No;294.584;1.15605;254.8202;133.6908;10345;2092.8135;119016;42926;7.2336;1124;190;126;6170;4175;6540;4154;107187;40650;262446;38664
CATALUNYA;GLOBAL;2021-03-25;2021-03-31;No;302.807;1.20055;252.2226;134.0009;10369;2177.3315;124008;44474;6.8694;1066;194;115;6191;4178;6384;4170;111474;42163;245317;50869
CATALUNYA;GLOBAL;2021-03-24;2021-03-30;No;303.96;1.22873;247.3764;134.0914;10376;2278.9339;130721;45623;6.5212;1029;180;105;6197;4179;6339;4148;117508;43306;197774;63038
CATALUNYA;GLOBAL;2021-03-23;2021-03-29;No;301.731;1.24403;242.5431;133.5228;10332;2383.6250;137306;47139;6.2226;1020;171;110;6145;4187;6328;4141;123441;44801;140847;68376
CATALUNYA;GLOBAL;2021-03-22;2021-03-28;No;295.523;1.24334;237.6840;130.1756;10073;2421.2833;139063;48296;5.9288;1030;168;107;6091;3982;6186;3945;125027;45851;118468;69188
CATALUNYA;GLOBAL;2021-03-21;2021-03-27;No;289.593;1.23328;234.8150;129.1030;9990;2398.4092;137295;48294;5.8988;1008;167;107;6040;3950;6084;3894;123318;45836;113901;69187
CATALUNYA;GLOBAL;2021-03-20;2021-03-26;No;279.839;1.21046;231.1836;126.0144;9751;2344.0670;133486;47898;5.8731;971;178;118;5873;3878;5893;3820;119949;45433;99124;69736
CATALUNYA;GLOBAL;2021-03-19;2021-03-25;No;265.625;1.17647;225.7817;121.1294;9373;2315.1965;131716;47434;5.6961;958;178;110;5558;3815;5591;3722;118473;45024;69382;79776
CATALUNYA;GLOBAL;2021-03-18;2021-03-24;No;253.916;1.15421;219.9921;118.2217;9148;2286.2097;129793;47114;5.6070;940;173;110;5437;3711;5467;3598;116931;44743;38825;88726
CATALUNYA;GLOBAL;2021-03-17;2021-03-23;No;243.76;1.14067;213.6985;113.2850;8766;2245.0492;126783;46939;5.5060;921;174;114;5239;3527;5289;3459;114328;44552;16261;94349
CATALUNYA;GLOBAL;2021-03-16;2021-03-22;No;235.698;1.13684;207.3273;109.0203;8436;2197.2591;123562;46462;5.4180;928;187;113;5059;3377;5105;3325;111510;44083;12334;97026
CATALUNYA;GLOBAL;2021-03-15;2021-03-21;No;230.784;1.13833;202.7396;107.5083;8319;2181.4411;122238;46562;5.4139;863;187;104;4969;3350;5078;3289;110363;44185;16490;98247
CATALUNYA;GLOBAL;2021-03-14;2021-03-20;No;229.577;1.13986;201.4085;105.7120;8180;2176.4785;121961;46455;5.3558;877;183;101;4888;3292;5017;3245;110171;44091;16642;98278
CATALUNYA;GLOBAL;2021-03-13;2021-03-19;No;228.297;1.13649;200.8786;105.1692;8138;2182.8238;122605;46302;5.3319;894;177;101;4907;3231;5066;3175;110603;43956;18248;98199
CATALUNYA;GLOBAL;2021-03-12;2021-03-18;No;222.622;1.11513;199.6380;104.6523;8098;2167.3547;120894;46816;5.3368;904;161;110;4898;3200;5002;3178;108820;44456;26185;88046
CATALUNYA;GLOBAL;2021-03-11;2021-03-17;No;215.451;1.09451;196.8466;101.7704;7875;2138.5876;118401;47083;5.2649;902;161;114;4683;3192;4787;3165;106381;44658;36514;69960
CATALUNYA;GLOBAL;2021-03-10;2021-03-16;No;210.937;1.07384;196.4330;100.4134;7770;2133.2503;118288;46783;5.2233;914;180;126;4550;3220;4690;3179;106259;44394;54041;47122
CATALUNYA;GLOBAL;2021-03-09;2021-03-15;No;206.47;1.05248;196.1746;98.3070;7607;2141.2498;118996;46694;5.0657;912;170;128;4411;3196;4510;3138;106642;44334;67691;37569
CATALUNYA;GLOBAL;2021-03-08;2021-03-14;No;203.773;1.03492;196.8983;95.2312;7369;2155.7109;119746;47063;4.8368;941;165;140;4206;3163;4251;3095;107181;44696;71393;38852
CATALUNYA;GLOBAL;2021-03-07;2021-03-13;No;201.803;1.02156;197.5444;95.6965;7405;2157.9466;119860;47122;4.8589;924;172;145;4214;3191;4271;3116;107279;44750;72351;39152
CATALUNYA;GLOBAL;2021-03-06;2021-03-12;No;197.719;0.997359;198.2423;95.7094;7406;2158.1663;119570;47429;4.8462;954;176;150;4194;3212;4223;3153;107153;45050;73505;40109
CATALUNYA;GLOBAL;2021-03-05;2021-03-11;No;194.972;0.976373;199.6897;94.9857;7350;2170.5855;120330;47630;4.8137;938;187;154;4156;3194;4217;3151;107852;45210;83438;35093
CATALUNYA;GLOBAL;2021-03-04;2021-03-10;No;195.065;0.962205;202.7266;95.0761;7357;2213.2968;123061;48204;4.7346;963;190;166;4129;3228;4172;3215;110194;45827;100678;26965
CATALUNYA;GLOBAL;2021-03-03;2021-03-09;No;197.805;0.956633;206.7716;96.0195;7430;2250.7742;124339;49826;4.7077;965;185;165;4141;3289;4173;3290;111173;47356;109614;22576
CATALUNYA;GLOBAL;2021-03-02;2021-03-08;No;201.536;0.953232;211.4240;97.8676;7573;2295.7470;126456;51189;4.7448;964;179;166;4175;3398;4259;3425;113299;48647;112463;18103
CATALUNYA;GLOBAL;2021-03-01;2021-03-07;No;207.974;0.95242;218.3638;101.6670;7867;2334.1807;128279;52340;4.8942;950;180;168;4262;3605;4371;3693;114955;49810;107493;13949
CATALUNYA;GLOBAL;2021-02-28;2021-03-06;No;208.046;0.949996;218.9970;101.8479;7881;2331.3764;128049;52353;4.9036;980;182;168;4239;3642;4352;3719;114752;49840;106929;13635
CATALUNYA;GLOBAL;2021-02-27;2021-03-05;No;210.535;0.951755;221.2069;102.5329;7934;2354.0437;129697;52459;4.9002;957;181;178;4241;3693;4387;3752;116158;49937;106548;11960
CATALUNYA;GLOBAL;2021-02-26;2021-03-04;No;216.482;0.960021;225.4974;104.7040;8102;2394.5710;131977;53315;4.8995;993;182;186;4220;3882;4337;3948;118326;50774;114726;5647
CATALUNYA;GLOBAL;2021-02-25;2021-03-03;No;223.286;0.959191;232.7861;107.6505;8330;2386.2742;130911;53739;5.0550;1000;180;186;4280;4050;4428;4104;117630;51155;123134;4387
CATALUNYA;GLOBAL;2021-02-24;2021-03-02;No;228.621;0.958536;238.5111;110.7520;8570;2403.8240;131899;54109;5.1037;1006;166;187;4406;4164;4489;4208;118853;51553;134266;4066
CATALUNYA;GLOBAL;2021-02-23;2021-03-01;No;234.629;0.952149;246.4201;113.5564;8787;2409.7041;131943;54520;5.2038;1005;172;183;4512;4275;4569;4330;119108;51903;143584;4471
CATALUNYA;GLOBAL;2021-02-22;2021-02-28;No;238.951;0.952358;250.9044;116.6967;9030;2422.3300;132062;55378;5.2480;1051;170;179;4598;4432;4604;4431;119443;52717;150576;5142
CATALUNYA;GLOBAL;2021-02-21;2021-02-27;No;239.56;0.952824;251.4214;117.1490;9065;2436.3905;132935;55593;5.2390;1029;173;187;4631;4434;4640;4434;120283;52918;150326;5140
CATALUNYA;GLOBAL;2021-02-20;2021-02-26;No;246.443;0.972747;253.3469;118.6740;9183;2429.3991;132253;55734;5.3164;1013;167;181;4698;4485;4687;4506;119867;53051;149073;5506
CATALUNYA;GLOBAL;2021-02-19;2021-02-25;No;255.493;0.992472;257.4307;120.7934;9347;2434.8527;131883;56526;5.3923;999;168;166;4800;4547;4807;4552;119759;53803;137369;6868
CATALUNYA;GLOBAL;2021-02-18;2021-02-24;No;266.238;1.01846;261.4110;125.1356;9683;2516.0881;136493;58202;5.4114;1013;177;181;5009;4674;5033;4672;123925;55419;115651;7500
CATALUNYA;GLOBAL;2021-02-17;2021-02-23;No;272.818;1.03626;263.2720;127.7590;9886;2530.8464;137173;58664;5.4753;1012;197;189;5115;4771;5152;4714;124329;55861;90723;7902
CATALUNYA;GLOBAL;2021-02-16;2021-02-22;No;282.379;1.05056;268.7902;132.8637;10281;2570.2881;138404;60485;5.5422;1039;231;223;5300;4981;5254;4880;125239;57613;72724;8002
CATALUNYA;GLOBAL;2021-02-15;2021-02-21;No;289.067;1.04871;275.6395;134.2077;10385;2544.2090;135618;61253;5.6960;1035;241;240;5318;5067;5292;5001;122545;58162;68305;9245
CATALUNYA;GLOBAL;2021-02-14;2021-02-20;No;289.259;1.0448;276.8543;134.2723;10390;2535.2015;134808;61366;5.7108;1050;237;236;5335;5055;5295;4983;121728;58246;68378;9779
CATALUNYA;GLOBAL;2021-02-13;2021-02-19;No;285.165;1.02638;277.8365;134.6729;10421;2556.4602;134472;63347;5.6736;1089;237;244;5299;5122;5269;5021;121316;60051;69453;11557
CATALUNYA;GLOBAL;2021-02-12;2021-02-18;No;282.574;0.989661;285.5258;136.6373;10573;2752.7641;136309;76700;5.3467;1154;242;271;5374;5199;5380;5056;122750;72434;66049;15193
CATALUNYA;GLOBAL;2021-02-11;2021-02-17;No;277.977;0.949077;292.8920;136.2754;10545;2939.7891;136878;90603;4.9874;1181;247;277;5340;5205;5308;5086;123146;85258;61974;18952
CATALUNYA;GLOBAL;2021-02-10;2021-02-16;No;276.159;0.914463;301.9900;135.5129;10486;3160.5824;140955;103611;4.6571;1222;236;284;5267;5219;5293;5127;126664;97079;57137;24255
CATALUNYA;GLOBAL;2021-02-09;2021-02-15;No;278.388;0.890373;312.6646;135.9265;10518;3362.6113;145931;114268;4.4434;1234;219;279;5320;5198;5408;5166;131184;106787;51245;32337
CATALUNYA;GLOBAL;2021-02-08;2021-02-14;No;289.593;0.877705;329.9429;141.4318;10944;3534.1155;152994;120476;4.4076;1251;206;281;5553;5391;5614;5414;137710;112496;45190;36150
CATALUNYA;GLOBAL;2021-02-07;2021-02-13;No;289.905;0.86657;334.5436;142.5819;11033;3557.3644;153689;121580;4.4195;1280;219;296;5560;5473;5644;5487;138350;113509;45070;35916
CATALUNYA;GLOBAL;2021-02-06;2021-02-12;No;290.084;0.848904;341.7160;143.1635;11078;3587.4109;155742;121852;4.4314;1309;223;311;5576;5502;5709;5543;140160;113757;43303;36135
CATALUNYA;GLOBAL;2021-02-05;2021-02-11;No;298.996;0.834284;358.3869;148.8885;11521;3565.1700;161228;114645;4.6585;1292;219;323;5831;5690;5960;5779;145077;106916;29732;44257
CATALUNYA;GLOBAL;2021-02-04;2021-02-10;No;313.754;0.830937;377.5909;156.6166;12119;3584.1801;170138;107206;4.9065;1313;210;324;6198;5921;6403;6023;153299;99957;17536;48425
CATALUNYA;GLOBAL;2021-02-03;2021-02-09;No;331.958;0.832476;398.7591;166.4770;12882;3603.7329;176773;102084;5.2290;1336;224;334;6631;6251;6917;6407;159619;95193;8140;53210
CATALUNYA;GLOBAL;2021-02-02;2021-02-08;No;349.997;0.836378;418.4670;176.7380;13676;3589.2589;180585;97152;5.6060;1397;219;343;7106;6570;7442;6790;163308;90565;5935;52894
CATALUNYA;GLOBAL;2021-02-01;2021-02-07;No;373.416;0.842886;443.0212;188.5111;14587;3655.2578;184809;98035;5.7513;1438;254;333;7569;7018;7746;7127;167290;91314;5066;53584
CATALUNYA;GLOBAL;2021-01-31;2021-02-06;No;383.826;0.852703;450.1289;191.9616;14854;3673.1306;185875;98352;5.8281;1463;257;350;7696;7158;7869;7279;168278;91637;5100;55139
CATALUNYA;GLOBAL;2021-01-30;2021-02-05;No;399.862;0.868333;460.4934;198.5524;15364;3700.8897;187741;98634;5.9595;1492;268;361;7948;7416;8139;7467;169991;91875;5134;56707
CATALUNYA;GLOBAL;2021-01-29;2021-02-04;No;427.713;0.894474;478.1724;209.4984;16211;3793.1616;194063;99452;6.1744;1562;302;364;8375;7836;8694;7905;176178;92657;4952;53742
CATALUNYA;GLOBAL;2021-01-28;2021-02-03;No;452.973;0.914312;495.4249;220.9742;17099;3872.7041;199080;100590;6.3612;1649;304;376;8792;8307;9108;8385;181292;93703;5133;52638
CATALUNYA;GLOBAL;2021-01-27;2021-02-02;No;477.726;0.930114;513.6208;232.2821;17974;3966.2166;205711;101195;6.4324;1699;304;378;9158;8816;9307;8851;187853;94436;5542;44965
CATALUNYA;GLOBAL;2021-01-26;2021-02-01;No;500.362;0.939759;532.4370;241.7290;18705;4099.5067;212259;104961;6.4478;1732;314;382;9264;9441;9356;9483;194092;98083;6113;41188
CATALUNYA;GLOBAL;2021-01-25;2021-01-31;No;523.371;0.946779;552.7911;254.5100;19694;4179.1655;215849;107535;6.6049;1838;308;419;9411;10283;9432;10263;197473;100713;7083;35172
CATALUNYA;GLOBAL;2021-01-24;2021-01-30;No;531.886;0.949224;560.3382;258.1673;19977;4204.2108;217546;107776;6.6880;1832;300;423;9456;10521;9548;10517;199036;100980;7239;33369
CATALUNYA;GLOBAL;2021-01-23;2021-01-29;No;539.388;0.949538;568.0534;261.9409;20269;4254.7535;220920;108313;6.6915;1827;312;408;9564;10705;9589;10752;202416;101568;8845;29740
CATALUNYA;GLOBAL;2021-01-22;2021-01-28;No;550.595;0.9502;579.4517;268.6739;20790;4369.3696;228832;109270;6.6468;1859;313;412;9687;11103;9641;11149;210099;102682;12075;18947
CATALUNYA;GLOBAL;2021-01-21;2021-01-27;No;564.683;0.960905;587.6580;274.4506;21237;4496.1465;238389;109523;6.5508;1876;333;404;9719;11518;9556;11576;219549;103038;13330;11339
CATALUNYA;GLOBAL;2021-01-20;2021-01-26;No;582.206;0.972082;598.9270;281.3387;21770;4575.9087;243464;110620;6.6278;1945;348;409;9715;12055;9694;12110;224801;104179;14823;8310
CATALUNYA;GLOBAL;2021-01-19;2021-01-25;No;603.621;0.980585;615.5721;290.7080;22495;4587.9402;246501;108514;6.7912;2008;347;402;10015;12480;9994;12439;228016;102307;16392;3313
CATALUNYA;GLOBAL;2021-01-18;2021-01-24;No;622.547;0.983238;633.1606;298.2810;23081;4604.8179;250573;105748;6.9345;2017;334;380;10392;12689;10377;12643;232263;99699;24526;2369
CATALUNYA;GLOBAL;2021-01-17;2021-01-23;No;630.342;0.983326;641.0309;302.1709;23382;4608.6303;251509;105107;6.9810;2076;342;378;10592;12790;10530;12670;233236;99096;26047;2359
CATALUNYA;GLOBAL;2021-01-16;2021-01-22;No;631.798;0.977731;646.1873;306.1125;23687;4595.6683;251495;104118;7.0938;2143;347;375;10741;12946;10731;12790;233371;98200;27494;1982
CATALUNYA;GLOBAL;2021-01-15;2021-01-21;No;636.402;0.965017;659.4723;310.7778;24048;4526.8004;248298;101986;7.2781;2142;323;362;10887;13161;10800;12981;230632;96116;36519;1417
CATALUNYA;GLOBAL;2021-01-14;2021-01-20;No;641.49;0.955157;671.6073;313.2073;24236;4366.5265;239594;98288;7.6201;2122;325;371;11013;13223;11005;13019;222557;92716;45806;908
CATALUNYA;GLOBAL;2021-01-13;2021-01-19;No;638.972;0.998237;640.1004;317.5883;24575;4227.5760;233119;94011;8.0442;2061;306;355;11489;13086;11626;12920;216409;88730;55432;263
CATALUNYA;GLOBAL;2021-01-12;2021-01-18;No;673.593;1.04664;643.5768;324.8641;25138;4059.1346;222653;91443;8.5880;2044;307;347;11844;13294;11997;13160;206556;86375;65533;131
CATALUNYA;GLOBAL;2021-01-11;2021-01-17;No;699.386;1.09405;639.2604;334.8796;25913;3880.7165;210170;90120;9.2336;1967;327;349;12078;13835;12151;13685;194580;85223;63173;57
CATALUNYA;GLOBAL;2021-01-10;2021-01-16;No;716.657;1.12218;638.6272;338.8599;26221;3842.1923;206863;90446;9.3858;1949;319;336;12106;14115;12090;13913;191480;85566;63816;0
CATALUNYA;GLOBAL;2021-01-09;2021-01-15;No;752.076;1.18445;634.9570;340.0747;26315;3769.1373;201668;89988;9.5871;1920;330;336;12142;14173;12128;13910;186460;85135;65428;0
CATALUNYA;GLOBAL;2021-01-08;2021-01-14;No;804.808;1.34279;599.3535;348.6945;26982;3609.2382;189138;90145;10.3025;1887;303;328;12561;14421;12647;14123;174479;85362;65793;0
CATALUNYA;GLOBAL;2021-01-07;2021-01-13;No;845.93;1.429;591.9743;358.3999;27733;3436.4546;171716;94197;10.9786;1833;286;311;12514;15219;12257;14851;157634;89282;64856;0
CATALUNYA;GLOBAL;2021-01-06;2021-01-12;No;828.979;1.41851;584.4013;322.5121;24956;2851.7560;138202;82467;11.6319;1746;281;292;10908;14048;10312;13504;126536;78212;54821;0
CATALUNYA;GLOBAL;2021-01-05;2021-01-11;No;795.683;1.3927;571.3230;318.7126;24662;2751.0970;128523;84357;11.9353;1655;267;281;10399;14263;9876;13702;117382;80167;50016;0
CATALUNYA;GLOBAL;2021-01-04;2021-01-10;No;744.564;1.36179;546.7559;304.3808;23553;2680.0322;121553;85828;11.7594;1609;257;267;9520;14033;9093;13511;110675;81545;43760;0
CATALUNYA;GLOBAL;2021-01-03;2021-01-09;No;709.112;1.3174;538.2654;299.7672;23196;2676.8401;121041;86093;11.6160;1588;266;262;9392;13804;9005;13304;110227;81827;41157;0
CATALUNYA;GLOBAL;2021-01-02;2021-01-08;No;659.102;1.25323;525.9237;294.8822;22818;2635.9640;117146;86825;11.5595;1539;231;257;9064;13754;8611;13255;106574;82587;36599;0
CATALUNYA;GLOBAL;2021-01-01;2021-01-07;No;606.155;1.26645;478.6247;250.6589;19396;2166.3855;93183;74452;11.6277;1438;237;254;7235;12161;6497;11556;84345;70913;22907;0
CATALUNYA;GLOBAL;2020-12-31;2021-01-06;No;619.435;1.38065;448.6557;233.5744;18074;2096.8585;90521;71734;11.5288;1389;234;245;6791;11283;6544;10780;81912;68355;13200;0
CATALUNYA;GLOBAL;2020-12-30;2021-01-05;No;683.025;1.47365;463.4916;261.8892;20265;2502.8418;107167;86503;11.0417;1411;222;256;7619;12646;7504;12299;96908;82440;12201;0
CATALUNYA;GLOBAL;2020-12-29;2021-01-04;No;658.161;1.50077;438.5497;252.6103;19547;2462.0302;104259;86253;10.6473;1384;214;257;7195;12352;6888;11869;94127;82040;4313;0
CATALUNYA;GLOBAL;2020-12-28;2021-01-03;No;627.37;1.51045;415.3525;242.3751;18755;2428.2489;103719;84179;10.3021;1380;198;256;6957;11798;6751;11180;93870;80182;2567;0
CATALUNYA;GLOBAL;2020-12-27;2021-01-02;No;615.966;1.51217;407.3401;238.4981;18455;2419.8100;103628;83617;10.1421;1352;189;241;6842;11613;6618;10967;93778;79609;2808;0
CATALUNYA;GLOBAL;2020-12-26;2021-01-01;No;598.928;1.49616;400.3099;231.0414;17878;2374.5141;101891;81849;10.0006;1305;182;226;6678;11200;6434;10573;92183;77876;2129;0
CATALUNYA;GLOBAL;2020-12-25;2020-12-31;No;547.148;1.32126;414.1119;227.9657;17640;2372.1233;101822;81733;9.9144;1266;186;214;6638;11002;6418;10429;92157;77768;2127;0
CATALUNYA;GLOBAL;2020-12-24;2020-12-30;No;460.722;1.15824;397.7769;215.0813;16643;2407.7139;104267;82042;9.0656;1245;174;198;6194;10449;5844;9827;94698;78165;1268;0
CATALUNYA;GLOBAL;2020-12-23;2020-12-29;No;400.125;1.06109;377.0869;201.6023;15600;2454.1341;108175;81726;8.2475;1210;182;195;5950;9650;5574;8997;98730;77942;358;0
CATALUNYA;GLOBAL;2020-12-22;2020-12-28;No;368.769;1.03807;355.2466;185.9394;14388;2500.9937;112417;81110;7.4569;1171;187;180;5665;8723;5387;8105;103325;77607;247;0
CATALUNYA;GLOBAL;2020-12-21;2020-12-27;No;348.184;1.03382;336.7922;172.9774;13385;2535.8348;115419;80804;6.8759;1089;177;162;5440;7945;5191;7469;106672;77450;244;0
CATALUNYA;GLOBAL;2020-12-20;2020-12-26;No;355.767;1.07503;330.9380;168.8419;13065;2566.5791;117929;80673;6.6920;1069;170;169;5337;7728;5147;7334;109136;77370;0;0
CATALUNYA;GLOBAL;2020-12-19;2020-12-25;No;373.953;1.14179;327.5134;169.2684;13098;2659.9882;122599;83231;6.5070;1065;169;170;5375;7723;5222;7371;113612;79919;0;0
CATALUNYA;GLOBAL;2020-12-18;2020-12-24;No;412.269;1.21566;339.1313;186.1461;14404;3156.0722;140939;103278;6.1031;1101;169;176;5881;8523;5845;8205;130925;99287;0;0
CATALUNYA;GLOBAL;2020-12-17;2020-12-23;No;404.752;1.21909;332.0106;182.6956;14137;3230.8460;141867;108136;5.7921;1080;171;175;5768;8369;5694;7975;131935;104060;0;0
CATALUNYA;GLOBAL;2020-12-16;2020-12-22;No;390.643;1.20825;323.3133;175.4845;13579;3211.9006;137968;110569;5.5699;1057;160;165;5449;8130;5372;7713;128486;106439;0;0
CATALUNYA;GLOBAL;2020-12-15;2020-12-21;No;368.202;1.24569;295.5801;169.3072;13101;3225.0564;137000;112555;5.3304;1030;160;163;5282;7819;5159;7416;127499;108410;0;0
CATALUNYA;GLOBAL;2020-12-14;2020-12-20;No;356.961;1.28881;276.9706;163.8148;12676;3216.8502;135448;113472;5.1652;1038;159;160;5142;7534;5037;7124;125891;109550;0;0
CATALUNYA;GLOBAL;2020-12-13;2020-12-19;No;374.494;1.37927;271.5170;162.0960;12543;3171.5930;132418;113000;5.2028;992;152;153;5074;7469;4972;7101;122968;109080;0;0
CATALUNYA;GLOBAL;2020-12-12;2020-12-18;No;382.95;1.4513;263.8664;158.2449;12245;3197.4912;132562;114860;5.0490;969;154;150;4963;7282;4864;6953;123154;110894;0;0
CATALUNYA;GLOBAL;2020-12-11;2020-12-17;No;390.926;1.56096;250.4392;152.9851;11838;3160.4920;131851;112708;4.9240;952;156;139;4849;6989;4736;6659;122335;109081;0;0
CATALUNYA;GLOBAL;2020-12-10;2020-12-16;No;375.003;1.56152;240.1523;149.3149;11554;3157.6747;132484;111857;4.7908;917;149;150;4811;6743;4664;6406;122629;108440;0;0
CATALUNYA;GLOBAL;2020-12-09;2020-12-15;No;354.324;1.53721;230.4987;147.8288;11439;3101.5750;128815;111185;4.7847;906;157;152;4801;6638;4564;6304;119031;108108;0;0
CATALUNYA;GLOBAL;2020-12-08;2020-12-14;No;317.703;1.43816;220.9096;126.2728;9771;2584.7621;106407;93602;4.8640;849;139;153;4052;5719;3799;5415;98247;91186;0;0
CATALUNYA;GLOBAL;2020-12-07;2020-12-13;No;287.012;1.36983;209.5243;113.1557;8756;2447.8664;100926;88490;4.6547;807;135;163;3724;5032;3577;4769;93019;86282;0;0
CATALUNYA;GLOBAL;2020-12-06;2020-12-12;No;258.694;1.25346;206.3839;109.4209;8467;2432.9013;100000;88258;4.5414;802;131;154;3672;4795;3546;4546;92124;86057;0;0
CATALUNYA;GLOBAL;2020-12-05;2020-12-11;No;233.522;1.14533;203.8897;105.6215;8173;2402.1827;97568;88313;4.4426;822;124;152;3563;4610;3437;4382;89834;86167;0;0
CATALUNYA;GLOBAL;2020-12-04;2020-12-10;No;194.244;0.977729;198.6688;97.4540;7541;2341.1205;93873;87283;4.2194;814;125;165;3336;4205;3253;3978;86222;85153;0;0
CATALUNYA;GLOBAL;2020-12-03;2020-12-09;No;181.863;0.942504;192.9567;90.8373;7029;2313.2709;89828;89173;3.9687;831;131;180;3206;3823;3115;3625;82683;87145;0;0
CATALUNYA;GLOBAL;2020-12-02;2020-12-08;No;175.156;0.944766;185.3966;82.6698;6397;2334.4262;91660;88978;3.6855;816;124;189;3014;3383;3046;3267;84296;86998;0;0
CATALUNYA;GLOBAL;2020-12-01;2020-12-07;No;194.137;0.980184;198.0614;94.6368;7323;2748.4607;108058;104618;3.6153;853;137;203;3474;3849;3555;3736;99325;102345;0;0
CATALUNYA;GLOBAL;2020-11-30;2020-12-06;No;198.408;0.985293;201.3697;96.3685;7457;2777.9644;110553;104406;3.6192;869;139;207;3523;3934;3543;3831;101621;102123;0;0
CATALUNYA;GLOBAL;2020-11-29;2020-12-05;No;201.328;0.995642;202.2097;96.9629;7503;2775.3022;111193;103560;3.6246;875;144;225;3545;3958;3540;3837;102221;101305;0;0
CATALUNYA;GLOBAL;2020-11-28;2020-12-04;No;205.237;1.0084;203.5279;98.2682;7604;2742.7874;112968;99269;3.7149;846;140;233;3599;4005;3605;3864;103942;97114;0;0
CATALUNYA;GLOBAL;2020-11-27;2020-12-03;No;211.677;1.0213;207.2627;101.2147;7832;2646.9358;114605;90215;3.9466;827;132;234;3793;4039;3782;3865;105520;88242;0;0
CATALUNYA;GLOBAL;2020-11-26;2020-12-02;No;214.004;1.01531;210.7778;102.1193;7902;2520.4174;116954;78076;4.1887;824;140;225;3831;4071;3877;3830;107721;76276;0;0
CATALUNYA;GLOBAL;2020-11-25;2020-12-01;No;217.107;0.997845;217.5754;102.7267;7949;2418.8020;117134;70033;4.3259;846;148;225;3882;4067;3881;3763;108326;68378;0;0
CATALUNYA;GLOBAL;2020-11-24;2020-11-30;No;221.288;0.972139;227.6297;103.4246;8003;2363.6715;119391;63510;4.4757;881;162;208;3958;4045;3952;3766;110525;61917;0;0
CATALUNYA;GLOBAL;2020-11-23;2020-11-29;No;228.516;0.948839;240.8373;105.0012;8125;2357.8173;120980;61468;4.6048;912;166;214;4092;4033;4148;3770;112069;59882;0;0
CATALUNYA;GLOBAL;2020-11-22;2020-11-28;No;223.621;0.919634;243.1634;105.2467;8144;2349.1716;120595;61184;4.6295;932;169;210;4127;4017;4169;3763;111753;59582;0;0
CATALUNYA;GLOBAL;2020-11-21;2020-11-27;No;215.804;0.87096;247.7770;105.2597;8145;2290.8362;118057;59208;4.7402;953;184;223;4151;3994;4177;3731;109212;57615;0;0
CATALUNYA;GLOBAL;2020-11-20;2020-11-26;No;211.984;0.819308;258.7359;106.0480;8206;2248.6031;117927;56070;4.9508;999;186;235;4199;4007;4277;3816;108995;54473;0;0
CATALUNYA;GLOBAL;2020-11-19;2020-11-25;No;216.784;0.794862;272.7318;108.6585;8408;2200.4511;116430;53841;5.3009;1022;183;235;4395;4013;4521;3942;107431;52221;0;0
CATALUNYA;GLOBAL;2020-11-18;2020-11-24;No;228.607;0.789502;289.5578;114.8487;8887;2141.6504;115403;50318;5.8390;1049;178;240;4765;4122;4944;4094;106057;48730;0;0
CATALUNYA;GLOBAL;2020-11-17;2020-11-23;No;245.563;0.790782;310.5322;124.2051;9611;2144.3255;117918;48010;6.3612;1077;174;262;5250;4361;5515;4334;108332;46498;0;0
CATALUNYA;GLOBAL;2020-11-16;2020-11-22;No;267.969;0.793945;337.5159;135.8360;10511;2176.0779;120672;47713;6.7760;1112;180;277;5721;4790;5914;4730;110903;46181;0;0
CATALUNYA;GLOBAL;2020-11-15;2020-11-21;No;274.115;0.797797;343.5898;137.9167;10672;2192.3612;121589;48056;6.8393;1129;192;281;5760;4912;5972;4854;111751;46540;0;0
CATALUNYA;GLOBAL;2020-11-14;2020-11-20;No;285.882;0.804889;355.1820;142.5173;11028;2222.7049;123303;48690;6.9844;1176;194;279;5969;5059;6215;4999;113398;47159;0;0
CATALUNYA;GLOBAL;2020-11-13;2020-11-19;No;305.737;0.798768;382.7602;152.6879;11815;2298.6031;127690;50176;7.2110;1252;211;275;6464;5351;6672;5319;117714;48574;0;0
CATALUNYA;GLOBAL;2020-11-12;2020-11-18;No;324.851;0.788513;411.9796;164.0733;12696;2344.9845;129882;51573;7.5443;1313;230;293;6993;5703;7130;5693;120054;49915;0;0
CATALUNYA;GLOBAL;2020-11-11;2020-11-17;No;342.464;0.778013;440.1781;174.7091;13519;2429.6963;134652;53358;7.7468;1402;248;295;7431;6088;7614;6066;124981;51607;0;0
CATALUNYA;GLOBAL;2020-11-10;2020-11-16;No;365.308;0.77181;473.3132;186.3271;14418;2501.4978;137801;55765;8.0712;1490;276;299;8034;6384;8269;6432;128315;53827;0;0
CATALUNYA;GLOBAL;2020-11-09;2020-11-15;No;395.401;0.770761;513.0005;201.6799;15606;2562.2628;141230;57038;8.4325;1525;289;300;8698;6908;8829;6926;131761;55075;0;0
CATALUNYA;GLOBAL;2020-11-08;2020-11-14;No;405.975;0.772763;525.3551;205.6731;15915;2576.9048;142162;57239;8.5679;1574;288;307;8872;7043;9062;7044;132727;55253;0;0
CATALUNYA;GLOBAL;2020-11-07;2020-11-13;No;421.716;0.777629;542.3103;212.6646;16456;2629.3860;145792;57670;8.6837;1617;312;313;9243;7213;9486;7182;136282;55664;0;0
CATALUNYA;GLOBAL;2020-11-06;2020-11-12;No;456.19;0.793116;575.1870;230.0722;17803;2762.8959;154257;59536;9.0092;1654;323;315;10149;7654;10580;7613;144527;57410;0;0
CATALUNYA;GLOBAL;2020-11-05;2020-11-11;No;492.248;0.81721;602.3517;247.9063;19183;2903.2810;163333;61323;9.2579;1684;317;324;11076;8107;11661;8031;153615;59089;0;0
CATALUNYA;GLOBAL;2020-11-04;2020-11-10;No;533.605;0.839987;635.2542;265.4689;20542;3032.7976;172227;62451;9.5600;1728;328;343;12070;8472;12828;8441;162317;60161;0;0
CATALUNYA;GLOBAL;2020-11-03;2020-11-09;No;576.219;0.863436;667.3555;286.9861;22207;3126.7753;179318;62632;9.9758;1758;302;348;13217;8990;14030;8894;169373;60422;0;0
CATALUNYA;GLOBAL;2020-11-02;2020-11-08;No;616.3;0.882025;698.7331;311.3205;24090;3170.1327;183140;62165;10.3997;1830;316;346;14611;9479;15030;9242;173397;59995;0;0
CATALUNYA;GLOBAL;2020-11-01;2020-11-07;No;640.958;0.900231;711.9923;319.6819;24737;3212.1203;186973;61581;10.4940;1848;315;341;15199;9538;15561;9261;177102;59433;0;0
CATALUNYA;GLOBAL;2020-10-31;2020-11-06;No;668.289;0.92302;724.0239;329.6457;25508;3273.1567;192198;61079;10.6484;1864;296;337;15945;9563;16395;9285;182246;58917;0;0
CATALUNYA;GLOBAL;2020-10-30;2020-11-05;No;706.956;0.944236;748.7072;345.1148;26705;3337.2947;199726;58514;10.9029;1882;309;343;17140;9565;17601;9273;189940;56545;0;0
CATALUNYA;GLOBAL;2020-10-29;2020-11-04;No;733.874;0.950891;771.7752;354.4454;27427;3391.7402;207394;55059;11.0385;1944;362;319;18029;9398;18603;9091;197565;53320;0;0
CATALUNYA;GLOBAL;2020-10-28;2020-11-03;No;756.311;0.953475;793.2148;369.7852;28614;3409.1995;212709;51095;11.3342;1943;354;301;19392;9222;19800;8840;203145;49541;0;0
CATALUNYA;GLOBAL;2020-10-27;2020-11-02;No;769.273;0.958866;802.2740;380.3694;29433;3420.9338;219100;45612;11.5813;1974;373;286;20682;8751;21178;8245;209840;44216;0;0
CATALUNYA;GLOBAL;2020-10-26;2020-11-01;No;775.2;0.970505;798.7589;387.4125;29978;3428.6231;225193;40114;11.6922;1954;370;281;21906;8072;22202;7610;216039;38935;0;0
CATALUNYA;GLOBAL;2020-10-25;2020-10-31;No;794.897;0.993413;800.1675;392.3104;30357;3441.4171;226571;39726;11.8432;1959;368;267;22379;7978;22808;7517;217486;38568;0;0
CATALUNYA;GLOBAL;2020-10-24;2020-10-30;No;837.313;1.05367;794.6622;394.3781;30517;3404.6118;224949;38500;12.0033;1954;366;252;22731;7786;23090;7319;215940;37399;0;0
CATALUNYA;GLOBAL;2020-10-23;2020-10-29;No;911.365;1.16096;785.0086;403.5924;31230;3354.5989;225856;33723;12.3498;1917;347;236;23901;7329;24051;6824;217196;32808;0;0
CATALUNYA;GLOBAL;2020-10-22;2020-10-28;No;967.85;1.25129;773.4811;417.3298;32293;3313.1799;227018;29356;12.8562;1849;287;225;25384;6909;25430;6321;218392;28578;0;0
CATALUNYA;GLOBAL;2020-10-21;2020-10-27;No;991.672;1.31568;753.7344;423.4296;32765;3292.3865;230178;24587;13.1790;1816;279;209;26573;6192;26791;5551;221433;23972;0;0
CATALUNYA;GLOBAL;2020-10-20;2020-10-26;No;993.114;1.36223;729.0381;421.9046;32647;3204.0045;228232;19694;13.4510;1695;259;196;27386;5261;27471;4647;219552;19225;0;0
CATALUNYA;GLOBAL;2020-10-19;2020-10-25;No;944.257;1.418;665.9081;411.3463;31830;3110.2852;226921;13753;13.2754;1653;242;173;28084;3746;27576;3210;218503;13400;0;0
CATALUNYA;GLOBAL;2020-10-18;2020-10-24;No;971.011;1.48161;655.3757;407.8571;31560;3097.7109;227076;12625;13.0687;1604;232;170;28178;3382;27281;2901;218648;12300;0;0
CATALUNYA;GLOBAL;2020-10-17;2020-10-23;No;1045.45;1.63444;639.6352;400.2841;30974;3087.9410;227602;11343;12.8217;1546;223;166;27984;2990;26991;2554;219361;11068;0;0
CATALUNYA;GLOBAL;2020-10-16;2020-10-22;No;986.319;1.62864;605.6083;381.4161;29514;2986.4290;223593;7497;12.6399;1481;211;148;27401;2113;26510;1660;215555;7310;0;0
CATALUNYA;GLOBAL;2020-10-15;2020-10-21;No;914.317;1.61751;565.2620;356.1512;27559;2888.8586;219415;4125;12.1859;1425;193;137;26265;1294;25380;913;211746;4019;0;0
CATALUNYA;GLOBAL;2020-10-14;2020-10-20;No;818.842;1.57452;520.0565;330.3048;25559;2734.3873;209816;1771;11.7256;1336;183;122;24857;702;23598;394;202898;1714;0;0
CATALUNYA;GLOBAL;2020-10-13;2020-10-19;No;733.799;1.54327;475.4843;307.1334;23766;2562.0172;197632;617;11.1291;1305;173;111;23392;374;21224;136;191337;592;0;0
CATALUNYA;GLOBAL;2020-10-12;2020-10-18;No;640.483;1.47942;432.9281;254.5617;19698;2208.1534;170563;304;11.1720;1162;152;103;19458;240;18408;86;165246;293;0;0
CATALUNYA;GLOBAL;2020-10-11;2020-10-17;No;612.101;1.46074;419.0357;247.5186;19153;2172.6145;167979;138;11.1203;1116;155;99;18986;167;18083;32;162769;132;0;0
CATALUNYA;GLOBAL;2020-10-10;2020-10-16;No;551.694;1.36521;404.1093;239.3511;18521;2088.3680;161598;0;11.0939;1052;155;87;18395;126;17366;0;156537;0;0;0
CATALUNYA;GLOBAL;2020-10-09;2020-10-15;No;527.799;1.41065;374.1533;224.1921;17348;1979.2054;153151;0;10.8719;992;140;83;17263;85;16148;0;148530;0;0;0
CATALUNYA;GLOBAL;2020-10-08;2020-10-14;No;490.1;1.40777;348.1388;209.1107;16181;1846.1866;142858;0;10.6239;927;146;76;16117;64;14744;0;138782;0;0;0
CATALUNYA;GLOBAL;2020-10-07;2020-10-13;No;457.181;1.43423;318.7643;189.7517;14683;1748.9264;135332;0;10.0445;861;134;71;14642;41;13220;0;131614;0;0;0
CATALUNYA;GLOBAL;2020-10-06;2020-10-12;No;421.534;1.45669;289.3769;168.3509;13027;1779.9292;137731;0;9.2028;783;128;71;13005;22;12348;0;134176;0;0;0
CATALUNYA;GLOBAL;2020-10-05;2020-10-11;No;433.785;1.48589;291.9357;178.3664;13802;1984.6074;153569;0;8.6378;772;131;64;13782;20;12917;0;149541;0;0;0
CATALUNYA;GLOBAL;2020-10-04;2020-10-10;No;411.923;1.45573;282.9670;171.5170;13272;1961.7462;151800;0;8.4152;736;121;58;13252;20;12444;0;147876;0;0;0
CATALUNYA;GLOBAL;2020-10-03;2020-10-09;No;386.222;1.40613;274.6703;164.7582;12749;1948.9909;150813;0;8.1875;708;112;52;12732;17;12035;0;146993;0;0;0
CATALUNYA;GLOBAL;2020-10-02;2020-10-08;No;342.167;1.34777;253.8768;149.9611;11604;1914.8478;148171;0;7.4912;684;118;49;11588;16;10818;0;144410;0;0;0
CATALUNYA;GLOBAL;2020-10-01;2020-10-07;No;313.838;1.33837;234.4919;139.0281;10758;1871.9556;144852;0;7.1036;657;113;48;10741;17;10028;0;141167;0;0;0
CATALUNYA;GLOBAL;2020-09-30;2020-10-06;No;295.535;1.32648;222.7964;129.0125;9983;1857.5203;143721;14;6.7316;645;115;57;9967;16;9423;2;139998;14;0;0
CATALUNYA;GLOBAL;2020-09-29;2020-10-05;No;279.233;1.3123;212.7809;121.0260;9365;1800.4772;139295;26;6.4857;625;113;60;9349;16;8796;3;135642;25;0;0
CATALUNYA;GLOBAL;2020-09-28;2020-10-04;No;264.356;1.29043;204.8590;113.5693;8788;1780.4720;137733;40;6.2535;621;105;62;8772;16;8382;4;134061;39;0;0
CATALUNYA;GLOBAL;2020-09-27;2020-10-03;No;256.874;1.26243;203.4762;111.4499;8624;1773.7390;137205;47;6.1709;607;106;66;8607;17;8235;5;133484;46;0;0
CATALUNYA;GLOBAL;2020-09-26;2020-10-02;No;240.326;1.19376;201.3180;109.9120;8505;1765.1063;136529;55;6.0980;604;104;65;8488;17;8099;5;132843;54;0;0
CATALUNYA;GLOBAL;2020-09-25;2020-10-01;No;216.897;1.10381;196.4977;103.9156;8041;1719.6941;133008;62;5.9020;576;100;66;8027;14;7635;6;129403;61;0;0
CATALUNYA;GLOBAL;2020-09-24;2020-09-30;No;198.651;1.02937;192.9825;95.4638;7387;1626.6985;125807;67;5.6824;543;89;68;7375;12;6950;7;122365;66;0;0
CATALUNYA;GLOBAL;2020-09-23;2020-09-29;No;190.779;0.992036;192.3105;93.7838;7257;1599.4305;123705;59;5.6662;514;84;60;7246;11;6814;7;120323;58;0;0
CATALUNYA;GLOBAL;2020-09-22;2020-09-28;No;185.6;0.965298;192.2718;91.7549;7100;1565.1323;121063;47;5.7197;498;90;50;7090;10;6728;6;117687;47;0;0
CATALUNYA;GLOBAL;2020-09-21;2020-09-27;No;182.839;0.962256;190.0102;91.2896;7064;1541.8058;119272;33;5.8101;483;82;54;7056;8;6731;5;115903;33;0;0
CATALUNYA;GLOBAL;2020-09-20;2020-09-26;No;183.919;0.968274;189.9456;92.0263;7121;1550.8521;119979;26;5.8232;490;85;48;7114;7;6788;4;116611;26;0;0
CATALUNYA;GLOBAL;2020-09-19;2020-09-25;No;190.708;1.00177;190.3720;91.4060;7073;1560.7642;120754;18;5.7759;479;83;51;7067;6;6775;4;117349;18;0;0
CATALUNYA;GLOBAL;2020-09-18;2020-09-24;No;209.838;1.15741;181.2999;92.5820;7164;1538.4199;119032;11;6.0037;486;79;51;7159;5;6938;3;115601;11;0;0
CATALUNYA;GLOBAL;2020-09-17;2020-09-23;No;230.897;1.24023;186.1720;97.5186;7546;1577.8875;122090;7;6.1645;500;83;55;7541;5;7299;3;118445;7;0;0
CATALUNYA;GLOBAL;2020-09-16;2020-09-22;No;238.932;1.29345;184.7246;98.5267;7624;1499.9087;116062;1;6.5838;504;82;63;7618;6;7403;1;112456;1;0;0
CATALUNYA;GLOBAL;2020-09-15;2020-09-21;No;239.683;1.30583;183.5486;100.5168;7778;1441.5474;111546;1;7.0205;519;71;68;7772;6;7573;1;107883;1;0;0
CATALUNYA;GLOBAL;2020-09-14;2020-09-20;No;237.57;1.31346;180.8735;98.7205;7639;1381.3769;106889;2;7.1453;527;77;65;7632;7;7362;2;103059;2;0;0
CATALUNYA;GLOBAL;2020-09-13;2020-09-19;No;231.138;1.28709;179.5811;97.9193;7577;1352.4934;104654;2;7.2169;527;72;66;7570;7;7276;2;100844;2;0;0
CATALUNYA;GLOBAL;2020-09-12;2020-09-18;No;225.681;1.25436;179.9171;98.9660;7658;1318.4536;102020;2;7.4917;527;71;63;7651;7;7359;2;98253;2;0;0
CATALUNYA;GLOBAL;2020-09-11;2020-09-17;No;193.91;1.07863;179.7750;88.7179;6865;1132.8761;87660;2;7.6908;496;70;59;6859;6;6484;2;84332;2;0;0
CATALUNYA;GLOBAL;2020-09-10;2020-09-16;No;180.09;1.00638;178.9479;88.6533;6860;1128.6243;87332;1;7.9800;492;74;58;6854;6;6696;1;83921;1;0;0
CATALUNYA;GLOBAL;2020-09-09;2020-09-15;No;167.182;0.94801;176.3503;86.1979;6670;1097.5698;84929;1;7.9665;482;75;56;6666;4;6494;1;81528;1;0;0
CATALUNYA;GLOBAL;2020-09-08;2020-09-14;No;162.234;0.935516;173.4168;83.0317;6425;1077.0348;83339;2;7.8051;471;73;55;6421;4;6239;2;79959;2;0;0
CATALUNYA;GLOBAL;2020-09-07;2020-09-13;No;160.477;0.928152;172.8998;82.1529;6357;1071.5812;82918;1;7.8148;476;76;55;6351;6;6232;1;79758;1;0;0
CATALUNYA;GLOBAL;2020-09-06;2020-09-12;No;166.457;0.957084;173.9208;81.6618;6319;1067.5362;82605;1;7.8831;474;78;51;6313;6;6264;1;79473;1;0;0
CATALUNYA;GLOBAL;2020-09-05;2020-09-11;No;171.136;0.986625;173.4555;80.9511;6264;1075.8588;83248;2;7.7743;482;83;56;6258;6;6227;1;80108;2;0;0
CATALUNYA;GLOBAL;2020-09-04;2020-09-10;No;187.158;1.02197;183.1350;91.0570;7046;1235.3314;95587;3;7.7075;495;81;62;7040;6;7090;1;91998;3;0;0
CATALUNYA;GLOBAL;2020-09-03;2020-09-09;No;186.203;1.01833;182.8507;90.2946;6987;1228.1074;95027;4;7.5047;470;74;54;6982;5;6875;1;91618;4;0;0
CATALUNYA;GLOBAL;2020-09-02;2020-09-08;No;187.825;1.01092;185.7972;90.1524;6976;1257.0683;97267;5;7.2656;466;74;50;6968;8;6820;2;93889;5;0;0
CATALUNYA;GLOBAL;2020-09-01;2020-09-07;No;188.621;1.00499;187.6840;90.3850;6994;1274.7085;98632;5;7.2300;457;79;53;6987;7;6888;1;95278;5;0;0
CATALUNYA;GLOBAL;2020-08-31;2020-09-06;No;190.153;0.999052;190.3333;90.7469;7022;1279.5030;99002;6;7.3563;452;77;53;7016;6;7036;1;95654;6;0;0
CATALUNYA;GLOBAL;2020-08-30;2020-09-05;No;190.362;0.994614;191.3930;92.2589;7139;1288.8207;99718;11;7.3578;441;75;55;7132;7;7089;2;96363;11;0;0
CATALUNYA;GLOBAL;2020-08-29;2020-09-04;No;188.853;0.985198;191.6902;92.5044;7158;1280.8083;99098;11;7.3754;434;74;49;7147;11;7060;3;95753;11;0;0
CATALUNYA;GLOBAL;2020-08-28;2020-09-03;No;191.391;0.995487;192.2588;92.0780;7125;1283.3929;99296;13;7.2701;420;75;46;7113;12;6970;3;95902;11;0;0
CATALUNYA;GLOBAL;2020-08-27;2020-09-02;No;194.606;1.00909;192.8533;92.5561;7162;1283.2249;99284;12;7.3660;454;77;50;7147;15;7060;3;95876;10;0;0
CATALUNYA;GLOBAL;2020-08-26;2020-09-01;No;200.553;1.02876;194.9469;95.6448;7401;1315.0807;101750;11;7.5095;451;68;48;7388;13;7382;2;98320;9;0;0
CATALUNYA;GLOBAL;2020-08-25;2020-08-31;No;204.205;1.04265;195.8515;97.2989;7529;1313.1422;101601;10;7.5223;454;60;42;7514;15;7385;2;98194;8;0;0
CATALUNYA;GLOBAL;2020-08-24;2020-08-30;No;205.916;1.05683;194.8435;99.5864;7706;1333.4575;103174;9;7.4240;454;62;42;7693;13;7402;2;99723;7;0;0
CATALUNYA;GLOBAL;2020-08-23;2020-08-29;No;207.859;1.07128;194.0293;99.1340;7671;1336.7271;103431;5;7.3913;452;60;44;7658;13;7390;1;99993;3;0;0
CATALUNYA;GLOBAL;2020-08-22;2020-08-28;No;213.592;1.10517;193.2668;99.1857;7675;1353.1008;104699;4;7.2824;449;59;45;7665;10;7376;0;101283;2;0;0
CATALUNYA;GLOBAL;2020-08-21;2020-08-27;No;217.908;1.13455;192.0650;100.1808;7752;1334.0132;103225;1;7.5105;457;67;39;7742;10;7505;0;99926;1;0;0
CATALUNYA;GLOBAL;2020-08-20;2020-08-26;No;219.18;1.15195;190.2687;100.2971;7761;1280.9117;99114;3;7.8400;434;66;36;7751;10;7512;0;95813;3;0;0
CATALUNYA;GLOBAL;2020-08-19;2020-08-25;No;216.077;1.16047;186.1978;99.3020;7684;1215.2358;94032;3;8.0562;463;74;40;7674;10;7308;0;90710;3;0;0
CATALUNYA;GLOBAL;2020-08-18;2020-08-24;No;213.902;1.16586;183.4710;98.5525;7626;1175.9234;90990;3;8.2930;481;80;42;7617;9;7270;0;87661;3;0;0
CATALUNYA;GLOBAL;2020-08-17;2020-08-23;No;208.798;1.16412;179.3614;95.2571;7371;1118.5571;86551;3;8.5547;480;80;40;7362;9;7122;0;83249;3;0;0
CATALUNYA;GLOBAL;2020-08-16;2020-08-22;No;207.209;1.16187;178.3405;94.8952;7343;1113.9306;86194;2;8.5456;491;79;38;7335;8;7083;0;82883;2;0;0
CATALUNYA;GLOBAL;2020-08-15;2020-08-21;No;203.6;1.14596;177.6685;94.0811;7280;1092.0904;84504;2;8.7572;504;77;39;7273;7;7110;0;81188;2;0;0
CATALUNYA;GLOBAL;2020-08-14;2020-08-20;No;195.809;1.12376;174.2439;91.8841;7110;1054.7293;81613;2;8.8489;505;65;44;7104;6;6923;0;78234;2;0;0
CATALUNYA;GLOBAL;2020-08-13;2020-08-19;No;189.383;1.11036;170.5607;89.9715;6962;1053.5533;81523;1;8.5730;500;64;44;6959;3;6694;1;78093;1;0;0
CATALUNYA;GLOBAL;2020-08-12;2020-08-18;No;184.3;1.10278;167.1232;86.8957;6724;1044.0030;80783;2;8.4498;471;59;40;6718;6;6531;2;77313;2;0;0
CATALUNYA;GLOBAL;2020-08-11;2020-08-17;No;180.967;1.09847;164.7453;84.9185;6571;1026.2724;79411;2;8.3485;453;57;39;6565;6;6340;2;75964;2;0;0
CATALUNYA;GLOBAL;2020-08-10;2020-08-16;No;178.977;1.09758;163.0653;84.1043;6508;1034.4269;80041;3;8.2218;441;55;45;6501;7;6296;2;76598;3;0;0
CATALUNYA;GLOBAL;2020-08-09;2020-08-15;No;177.393;1.09673;161.7471;83.4452;6457;1031.5063;79813;5;8.2152;446;59;42;6450;7;6276;2;76414;5;0;0
CATALUNYA;GLOBAL;2020-08-08;2020-08-14;No;176.907;1.09679;161.2948;83.5874;6468;1063.3233;82275;5;7.9309;435;59;39;6460;8;6251;2;78839;5;0;0
CATALUNYA;GLOBAL;2020-08-07;2020-08-13;No;174.161;1.08438;160.6098;82.3597;6373;1061.9792;82171;5;7.7943;429;63;37;6365;8;6133;2;78706;5;0;0
CATALUNYA;GLOBAL;2020-08-06;2020-08-12;No;170.897;1.068;160.0154;80.5892;6236;1057.3140;81810;5;7.7468;445;68;39;6229;7;6066;1;78312;4;0;0
CATALUNYA;GLOBAL;2020-08-05;2020-08-11;No;169.206;1.05234;160.7908;80.2274;6208;1044.5200;80821;4;7.8453;452;71;36;6205;3;6068;0;77343;3;0;0
CATALUNYA;GLOBAL;2020-08-04;2020-08-10;No;167.367;1.03565;161.6049;79.8267;6177;1044.4683;80815;6;7.8975;440;73;37;6170;7;6098;1;77222;5;0;0
CATALUNYA;GLOBAL;2020-08-03;2020-08-09;No;165.626;1.02072;162.2640;78.9609;6110;1017.1615;78701;7;7.9372;446;71;29;6100;10;5960;2;75109;6;0;0
CATALUNYA;GLOBAL;2020-08-02;2020-08-08;No;163.15;1.00803;161.8505;78.3018;6059;1011.8759;78294;5;7.9396;436;70;29;6049;10;5928;2;74685;4;0;0
CATALUNYA;GLOBAL;2020-08-01;2020-08-07;No;161.434;1.00086;161.2948;77.7073;6013;983.5869;76103;7;8.1877;438;70;33;6001;12;5934;4;72517;6;0;0
CATALUNYA;GLOBAL;2020-07-31;2020-08-06;No;164.715;1.0235;160.9329;78.2501;6055;976.9961;75587;13;8.3704;451;75;37;6043;12;6034;4;72123;12;0;0
CATALUNYA;GLOBAL;2020-07-30;2020-08-05;No;169.151;1.0393;162.7551;79.4261;6146;970.3148;75065;18;8.5159;440;77;41;6134;12;6105;4;71719;17;0;0
CATALUNYA;GLOBAL;2020-07-29;2020-08-04;No;172.614;1.05321;163.8923;80.5634;6234;998.8234;77268;21;8.4188;442;74;44;6220;14;6227;4;73993;20;0;0
CATALUNYA;GLOBAL;2020-07-28;2020-08-03;No;175.555;1.06021;165.5853;81.7781;6328;987.6577;76403;22;8.5737;452;78;43;6314;14;6287;6;73378;21;0;0
CATALUNYA;GLOBAL;2020-07-27;2020-08-02;No;177.844;1.06547;166.9164;83.3031;6446;985.8743;76263;24;8.5699;446;82;46;6433;13;6287;5;73397;23;0;0
CATALUNYA;GLOBAL;2020-07-26;2020-08-01;No;177.571;1.06202;167.2007;83.5486;6465;997.1176;77133;24;8.6146;450;82;49;6451;14;6394;5;74258;23;0;0
CATALUNYA;GLOBAL;2020-07-25;2020-07-31;No;177.504;1.05445;168.3379;83.5874;6468;995.5021;77010;22;8.5527;442;83;51;6455;13;6343;3;74178;21;0;0
CATALUNYA;GLOBAL;2020-07-24;2020-07-30;No;175.098;1.05293;166.2961;82.6828;6398;995.9286;77049;16;8.3544;425;77;46;6383;15;6203;3;74269;15;0;0
CATALUNYA;GLOBAL;2020-07-23;2020-07-29;No;176.356;1.06989;164.8357;83.3289;6448;1003.9281;77672;12;8.2553;436;75;39;6430;18;6193;4;75055;12;0;0
CATALUNYA;GLOBAL;2020-07-22;2020-07-28;No;177.511;1.09755;161.7342;83.3289;6448;973.5197;75320;11;8.4542;425;79;38;6430;18;6158;4;72876;11;0;0
CATALUNYA;GLOBAL;2020-07-21;2020-07-27;No;177.97;1.13625;156.6295;83.8071;6485;960.7257;74332;9;8.6102;405;74;39;6466;19;6199;1;71999;9;0;0
CATALUNYA;GLOBAL;2020-07-20;2020-07-26;No;177.827;1.18093;150.5814;83.6132;6470;946.7557;73252;8;8.7213;411;69;40;6453;17;6196;2;71059;8;0;0
CATALUNYA;GLOBAL;2020-07-19;2020-07-25;No;184.57;1.23912;148.9531;83.6520;6473;930.2269;71970;11;8.7733;395;69;39;6457;16;6122;2;69792;11;0;0
CATALUNYA;GLOBAL;2020-07-18;2020-07-24;No;196.698;1.3435;146.4072;84.7505;6558;919.4231;71134;11;9.0266;387;62;33;6542;16;6225;2;68974;11;0;0
CATALUNYA;GLOBAL;2020-07-17;2020-07-23;No;205.522;1.46682;140.1136;83.6132;6470;877.2029;67865;13;9.3626;383;60;32;6452;18;6172;2;65930;13;0;0
CATALUNYA;GLOBAL;2020-07-16;2020-07-22;No;203.882;1.54262;132.1658;81.5068;6307;831.9070;64360;13;9.5588;368;55;29;6292;15;5975;1;62506;12;0;0
CATALUNYA;GLOBAL;2020-07-15;2020-07-21;No;196.168;1.58186;124.0113;78.4052;6067;786.9600;60883;12;9.5113;343;52;25;6054;13;5624;1;59129;11;0;0
CATALUNYA;GLOBAL;2020-07-14;2020-07-20;No;183.404;1.60723;114.1121;72.8223;5635;731.5710;56596;13;9.2952;348;42;20;5626;9;5107;2;54952;12;0;0
CATALUNYA;GLOBAL;2020-07-13;2020-07-19;No;167.46;1.62503;103.0498;66.9681;5182;696.6912;53894;16;9.2049;317;43;14;5174;8;4823;1;52392;15;0;0
CATALUNYA;GLOBAL;2020-07-12;2020-07-18;No;164.392;1.64307;100.0516;65.3010;5053;684.1686;52928;13;9.0545;304;39;12;5045;8;4660;1;51465;12;0;0
CATALUNYA;GLOBAL;2020-07-11;2020-07-17;No;158.791;1.67928;94.5592;61.6567;4771;652.3258;50462;15;8.8364;293;39;12;4764;7;4333;1;49033;14;0;0
CATALUNYA;GLOBAL;2020-07-10;2020-07-16;No;148.114;1.73311;85.4613;56.5003;4372;612.5093;47379;17;8.6882;281;36;11;4367;5;3999;2;46035;16;0;0
CATALUNYA;GLOBAL;2020-07-09;2020-07-15;No;135.553;1.78781;75.8205;50.6590;3920;570.0048;44092;15;8.4279;255;36;10;3913;7;3608;2;42819;15;0;0
CATALUNYA;GLOBAL;2020-07-08;2020-07-14;No;123.019;1.81215;67.8857;45.6060;3529;537.0118;41540;14;8.0018;263;37;12;3522;7;3226;2;40327;14;0;0
CATALUNYA;GLOBAL;2020-07-07;2020-07-13;No;111.11;1.83008;60.7133;41.2897;3195;519.6947;40198;16;7.4595;247;37;14;3188;7;2908;3;39009;15;0;0
CATALUNYA;GLOBAL;2020-07-06;2020-07-12;No;97.348;1.82481;53.3470;36.0816;2792;498.2421;38540;14;6.7961;239;32;12;2782;10;2538;3;37376;13;0;0
CATALUNYA;GLOBAL;2020-07-05;2020-07-11;No;93.4352;1.82484;51.2018;34.7505;2689;487.6451;37719;15;6.6792;238;31;10;2678;11;2439;4;36562;14;0;0
CATALUNYA;GLOBAL;2020-07-04;2020-07-10;No;86.7681;1.79091;48.4491;32.9025;2546;474.6055;36711;14;6.4936;226;31;11;2536;10;2307;4;35576;13;0;0
CATALUNYA;GLOBAL;2020-07-03;2020-07-09;No;74.6424;1.72722;43.2152;28.9609;2241;457.7407;35410;10;5.5496;204;27;12;2233;8;1898;3;34246;9;0;0
CATALUNYA;GLOBAL;2020-07-02;2020-07-08;No;63.6115;1.65011;38.5499;25.1615;1947;442.1941;34204;13;5.0020;189;23;13;1940;7;1649;3;33015;12;0;0
CATALUNYA;GLOBAL;2020-07-01;2020-07-07;No;54.7263;1.65484;33.0705;22.2796;1724;430.1626;33265;21;4.5399;171;18;17;1714;10;1453;4;32073;20;0;0
CATALUNYA;GLOBAL;2020-06-30;2020-07-06;No;48.6786;1.66229;29.2840;19.4236;1503;421.3748;32588;18;4.0274;149;18;18;1493;10;1261;3;31367;18;0;0
CATALUNYA;GLOBAL;2020-06-29;2020-07-05;No;44.0593;1.69365;26.0144;17.2654;1336;422.1631;32653;14;3.8007;147;16;18;1329;7;1191;3;31401;14;0;0
CATALUNYA;GLOBAL;2020-06-28;2020-07-04;No;42.0132;1.68532;24.9289;16.4512;1273;422.0726;32647;13;3.6920;141;12;18;1267;6;1158;2;31406;13;0;0
CATALUNYA;GLOBAL;2020-06-27;2020-07-03;No;40.3563;1.69716;23.7787;15.5466;1203;425.4456;32906;15;3.4976;143;12;17;1197;6;1105;2;31635;15;0;0
CATALUNYA;GLOBAL;2020-06-26;2020-07-02;No;35.2438;1.64386;21.4396;14.2543;1103;430.4856;33294;17;3.1535;141;15;16;1095;8;1005;2;31916;17;0;0
CATALUNYA;GLOBAL;2020-06-25;2020-07-01;No;31.7204;1.59075;19.9405;13.3884;1036;415.6110;32146;14;2.7728;147;14;17;1029;7;852;2;30785;14;0;0
CATALUNYA;GLOBAL;2020-06-24;2020-06-30;No;26.1898;1.49562;17.5109;10.7908;835;367.7692;28452;6;2.5249;137;11;10;831;4;687;1;27243;6;0;0
CATALUNYA;GLOBAL;2020-06-23;2020-06-29;No;23.3752;1.4424;16.2057;9.8604;763;367.9114;28463;6;2.3104;145;13;7;760;3;628;0;27175;6;0;0
CATALUNYA;GLOBAL;2020-06-22;2020-06-28;No;20.7038;1.38109;14.9909;8.7490;677;358.8651;27760;9;2.2859;144;16;11;674;3;605;0;26458;9;0;0
CATALUNYA;GLOBAL;2020-06-21;2020-06-27;No;19.3455;1.34136;14.4223;8.4776;656;356.7845;27597;11;2.1820;140;16;13;652;4;573;0;26249;11;0;0
CATALUNYA;GLOBAL;2020-06-20;2020-06-26;No;17.8881;1.27222;14.0604;8.2320;637;355.4663;27493;13;2.1752;131;14;14;633;4;567;0;26054;13;0;0
CATALUNYA;GLOBAL;2020-06-19;2020-06-25;No;15.7972;1.20196;13.1429;7.1853;556;342.8403;26515;14;1.9090;123;11;15;552;4;478;1;25078;14;0;0
CATALUNYA;GLOBAL;2020-06-18;2020-06-24;No;14.3491;1.17995;12.1607;6.5520;507;360.2350;27859;16;1.8696;124;14;17;501;6;490;1;26247;16;0;0
CATALUNYA;GLOBAL;2020-06-17;2020-06-23;No;14.8765;1.15;12.9361;6.7200;520;407.3531;31502;19;1.6871;138;18;20;511;9;499;1;29619;18;0;0
CATALUNYA;GLOBAL;2020-06-16;2020-06-22;No;13.9327;1.10124;12.6518;6.3453;491;409.5629;31671;21;1.5330;132;16;20;482;9;456;1;29791;20;0;0
CATALUNYA;GLOBAL;2020-06-15;2020-06-21;No;13.3254;1.05864;12.5872;6.2419;483;424.0499;32794;19;1.4465;122;14;22;473;10;445;1;30816;18;0;0
CATALUNYA;GLOBAL;2020-06-14;2020-06-20;No;12.8242;1.0294;12.4579;5.9446;460;423.5846;32757;20;1.3849;126;15;27;450;10;425;2;30813;19;0;0
CATALUNYA;GLOBAL;2020-06-13;2020-06-19;No;12.096;0.96196;12.5743;5.8283;451;425.3939;32900;17;1.3079;127;15;26;441;10;403;2;30950;16;0;0
CATALUNYA;GLOBAL;2020-06-12;2020-06-18;No;11.9661;0.881848;13.5693;5.9576;461;442.0390;34191;14;1.2989;135;19;26;451;10;415;1;32014;13;0;0
CATALUNYA;GLOBAL;2020-06-11;2020-06-17;No;11.3786;0.822876;13.8278;5.6086;434;449.4182;34761;15;1.2101;128;19;24;424;10;393;1;32544;14;0;0
CATALUNYA;GLOBAL;2020-06-10;2020-06-16;No;11.7203;0.805431;14.5515;6.2160;481;461.6565;35711;12;1.3739;116;17;25;474;7;457;1;33324;12;0;0
CATALUNYA;GLOBAL;2020-06-09;2020-06-15;No;11.7855;0.793012;14.8617;6.3065;488;463.3106;35842;9;1.3778;119;18;27;481;7;459;1;33378;9;0;0
CATALUNYA;GLOBAL;2020-06-08;2020-06-14;No;11.8303;0.808685;14.6290;6.3453;491;467.1876;36142;9;1.3428;129;20;32;485;6;450;2;33651;9;0;0
CATALUNYA;GLOBAL;2020-06-07;2020-06-13;No;13.0117;0.868717;14.9780;6.5133;504;473.2357;36612;7;1.3676;132;25;31;498;6;464;2;34067;7;0;0
CATALUNYA;GLOBAL;2020-06-06;2020-06-12;No;14.7306;0.938927;15.6888;6.7459;522;484.0653;37452;5;1.4167;139;31;34;516;6;492;2;34864;5;0;0
CATALUNYA;GLOBAL;2020-06-05;2020-06-11;No;16.0871;0.970244;16.5805;7.6117;589;496.9886;38452;5;1.5993;150;27;34;584;5;570;2;35761;5;0;0
CATALUNYA;GLOBAL;2020-06-04;2020-06-10;No;17.1301;0.978248;17.5109;8.2191;636;509.4724;39417;6;1.6922;153;29;35;631;5;615;3;36514;6;0;0
CATALUNYA;GLOBAL;2020-06-03;2020-06-09;No;17.439;0.96595;18.0537;8.3354;645;519.2295;40165;13;1.6740;166;27;35;638;7;619;3;37144;13;0;0
CATALUNYA;GLOBAL;2020-06-02;2020-06-08;No;18.0344;0.945464;19.0746;8.5551;662;512.7161;39646;28;1.7048;173;26;35;655;7;622;3;36635;26;0;0
CATALUNYA;GLOBAL;2020-06-01;2020-06-07;No;18.56;0.919447;20.1860;8.2837;641;488.5626;37747;58;1.7695;172;25;27;633;8;616;3;34926;56;0;0
CATALUNYA;GLOBAL;2020-05-31;2020-06-06;No;18.1035;0.855219;21.1682;8.4647;655;499.9480;38621;65;1.7646;174;20;27;648;7;630;2;35753;63;0;0
CATALUNYA;GLOBAL;2020-05-30;2020-06-05;No;16.747;0.781122;21.4396;8.9428;692;516.8128;39926;65;1.8084;171;18;24;684;8;668;2;36986;63;0;0
CATALUNYA;GLOBAL;2020-05-29;2020-06-04;No;16.7176;0.760051;21.9953;8.9687;694;519.8756;40135;93;1.7479;169;22;31;683;11;648;3;37155;90;0;0
CATALUNYA;GLOBAL;2020-05-28;2020-06-03;No;18.0054;0.765108;23.5332;9.2918;719;533.4709;41161;119;1.7589;170;19;36;708;11;670;4;38203;116;0;0
CATALUNYA;GLOBAL;2020-05-27;2020-06-02;No;19.0242;0.792726;23.9984;9.7182;752;532.4628;41061;141;1.8102;167;21;40;740;12;688;5;38147;137;0;0
CATALUNYA;GLOBAL;2020-05-26;2020-06-01;No;21.0776;0.832986;25.3036;10.5195;814;554.9751;42793;151;1.9202;168;28;47;801;13;759;5;39639;149;0;0
CATALUNYA;GLOBAL;2020-05-25;2020-05-31;No;23.3826;0.864889;27.0353;11.9022;921;595.3602;45926;143;2.0172;170;32;53;900;21;854;4;42394;141;0;0
CATALUNYA;GLOBAL;2020-05-24;2020-05-30;No;24.1169;0.890772;27.0741;12.7035;983;603.3080;46529;155;2.1412;169;31;56;962;21;919;4;42955;152;0;0
CATALUNYA;GLOBAL;2020-05-23;2020-05-29;No;25.6426;0.943074;27.1904;12.4967;967;602.1190;46407;185;2.0750;170;27;67;946;21;889;5;42905;180;0;0
CATALUNYA;GLOBAL;2020-05-22;2020-05-28;No;28.5412;1.04968;27.1904;13.0266;1008;601.9123;46395;181;2.1679;163;29;69;985;23;930;5;42953;176;0;0
CATALUNYA;GLOBAL;2020-05-21;2020-05-27;No;30.8399;1.138;27.1000;14.2413;1102;606.9911;46789;180;2.3992;191;33;77;1076;26;1039;3;43257;174;0;0
CATALUNYA;GLOBAL;2020-05-20;2020-05-26;No;32.5089;1.19902;27.1129;14.2801;1105;610.7647;47077;184;2.3503;206;35;86;1078;27;1024;4;43561;178;0;0
CATALUNYA;GLOBAL;2020-05-19;2020-05-25;No;33.5452;1.2343;27.1775;14.7841;1144;619.4491;47745;188;2.4468;216;28;96;1116;28;1079;6;44163;180;0;0
CATALUNYA;GLOBAL;2020-05-18;2020-05-24;No;33.8337;1.24314;27.2163;15.1331;1171;624.3858;48137;178;2.4631;228;30;101;1147;24;1095;6;44529;170;0;0
CATALUNYA;GLOBAL;2020-05-17;2020-05-23;No;32.7922;1.22879;26.6864;14.3706;1112;611.4625;47134;181;2.3847;229;33;107;1087;25;1036;7;43564;173;0;0
CATALUNYA;GLOBAL;2020-05-16;2020-05-22;No;31.9483;1.18626;26.9320;14.6937;1137;614.6158;47391;168;2.4752;233;35;107;1109;28;1078;9;43753;162;0;0
CATALUNYA;GLOBAL;2020-05-15;2020-05-21;No;29.3669;1.11997;26.2212;14.1638;1096;595.8771;45940;169;2.4570;255;34;114;1071;25;1034;10;42327;163;0;0
CATALUNYA;GLOBAL;2020-05-14;2020-05-20;No;26.8374;1.09242;24.5670;12.8586;995;582.8634;44952;150;2.1977;248;33;110;969;26;900;12;41353;145;0;0
CATALUNYA;GLOBAL;2020-05-13;2020-05-19;No;26.7437;1.0886;24.5670;12.8327;993;569.3974;43916;144;2.2558;263;36;110;963;30;895;15;40201;139;0;0
CATALUNYA;GLOBAL;2020-05-12;2020-05-18;No;26.0803;1.08733;23.9855;12.3933;959;540.5657;41690;139;2.1817;278;44;112;923;36;813;19;38000;135;0;0
CATALUNYA;GLOBAL;2020-05-11;2020-05-17;No;25.4569;1.09133;23.3264;12.0832;935;520.5735;40100;182;2.2273;295;39;117;895;40;783;29;36284;173;0;0
CATALUNYA;GLOBAL;2020-05-10;2020-05-16;No;25.8926;1.10329;23.4685;12.3158;953;514.9002;39637;206;2.2601;310;42;126;906;47;779;35;35822;194;0;0
CATALUNYA;GLOBAL;2020-05-09;2020-05-15;No;25.7331;1.09709;23.4556;12.2382;947;498.4877;38342;231;2.2464;333;43;124;900;47;747;34;34549;218;0;0
CATALUNYA;GLOBAL;2020-05-08;2020-05-14;No;25.1507;1.08724;23.1325;12.0573;933;484.9829;37288;240;2.1832;339;48;131;883;50;699;33;33302;227;0;0
CATALUNYA;GLOBAL;2020-05-07;2020-05-13;No;24.9087;1.03514;24.0630;11.7084;906;467.0584;35854;287;2.2577;347;50;154;857;49;686;37;31751;273;0;0
CATALUNYA;GLOBAL;2020-05-06;2020-05-12;No;24.8116;0.966243;25.6784;11.7342;908;470.7803;36121;308;2.2161;361;45;169;857;51;672;39;31789;294;0;0
CATALUNYA;GLOBAL;2020-05-05;2020-05-11;No;23.9251;0.896092;26.6993;11.5921;897;466.5544;35773;329;2.1830;381;42;189;845;52;651;40;31342;312;0;0
CATALUNYA;GLOBAL;2020-05-04;2020-05-10;No;23.4559;0.849331;27.6169;11.2432;870;464.6288;35643;310;2.1490;385;42;204;820;50;641;32;31019;298;0;0
CATALUNYA;GLOBAL;2020-05-03;2020-05-09;No;22.7014;0.79847;28.4311;11.1527;863;470.8578;36143;292;2.1339;384;39;217;818;45;649;29;31491;282;0;0
CATALUNYA;GLOBAL;2020-05-02;2020-05-08;No;22.1556;0.75127;29.4908;11.2173;868;469.6947;36063;282;2.1719;375;40;241;824;44;657;29;31313;272;0;0
CATALUNYA;GLOBAL;2020-05-01;2020-05-07;No;22.1559;0.678712;32.6440;11.0752;857;452.2871;34706;292;2.2942;369;32;240;815;42;671;30;30275;280;0;0
CATALUNYA;GLOBAL;2020-04-30;2020-05-06;No;23.4778;0.656803;35.7456;12.3546;956;471.4523;36204;277;2.4346;321;23;244;913;43;749;27;31608;266;0;0
CATALUNYA;GLOBAL;2020-04-29;2020-05-05;No;25.4819;0.641859;39.7001;13.9441;1079;473.1194;36334;276;2.7225;251;20;251;1030;49;846;28;31837;266;0;0
CATALUNYA;GLOBAL;2020-04-28;2020-05-04;No;27.5637;0.643791;42.8146;15.1072;1169;489.5319;37594;286;3.0206;175;13;259;1112;57;971;30;32862;277;0;0
CATALUNYA;GLOBAL;2020-04-27;2020-05-03;No;30.4636;0.645828;47.1697;16.3737;1267;486.7405;37353;311;3.2307;116;9;264;1200;67;1033;32;32669;296;0;0
CATALUNYA;GLOBAL;2020-04-26;2020-05-02;No;32.8149;0.671573;48.8627;17.2783;1337;500.8139;38433;320;3.3448;82;6;284;1268;69;1105;32;33687;306;0;0
CATALUNYA;GLOBAL;2020-04-25;2020-05-01;No;35.5229;0.698364;50.8658;18.2734;1414;511.7986;39280;323;3.5492;46;2;303;1341;73;1197;37;34458;310;0;0
CATALUNYA;GLOBAL;2020-04-24;2020-04-30;No;41.8147;0.747429;55.9446;21.5688;1669;537.2057;41187;382;4.0947;0;0;340;1581;88;1433;48;35810;359;0;0
CATALUNYA;GLOBAL;2020-04-23;2020-04-29;No;45.8222;0.768471;59.6277;23.3910;1810;523.2357;40092;396;4.7360;0;0;357;1716;94;1612;51;34743;371;0;0
CATALUNYA;GLOBAL;2020-04-22;2020-04-28;No;50.3972;0.799454;63.0395;25.7559;1993;520.7802;39869;429;5.4709;0;0;374;1901;92;1847;56;34384;400;0;0
CATALUNYA;GLOBAL;2020-04-21;2020-04-27;No;55.5765;0.817898;67.9503;27.7074;2144;502.9203;38466;450;6.2007;0;0;398;2044;100;2016;61;33074;422;0;0
CATALUNYA;GLOBAL;2020-04-20;2020-04-26;No;59.4359;0.84095;70.6771;30.7960;2383;500.3874;38279;441;7.0418;0;0;436;2274;109;2261;74;32743;416;0;0
CATALUNYA;GLOBAL;2020-04-19;2020-04-25;No;61.9994;0.847468;73.1584;31.5843;2444;486.3786;37172;464;7.5734;0;0;450;2325;119;2342;83;31582;438;0;0
CATALUNYA;GLOBAL;2020-04-18;2020-04-24;No;65.5342;0.860811;76.1307;32.5923;2522;474.2825;36227;473;8.0584;0;0;465;2399;123;2415;89;30626;447;0;0
CATALUNYA;GLOBAL;2020-04-17;2020-04-23;No;67.1965;0.860018;78.1338;34.3757;2660;455.6730;34793;467;8.9329;0;0;498;2529;131;2564;98;29348;452;0;0
CATALUNYA;GLOBAL;2020-04-16;2020-04-22;No;72.0666;0.863105;83.4969;36.2367;2804;440.3590;33573;502;9.9032;0;0;526;2657;147;2728;115;28219;489;0;0
CATALUNYA;GLOBAL;2020-04-15;2020-04-21;No;74.6038;0.851075;87.6582;37.2835;2885;418.6221;31874;519;10.8535;0;0;559;2713;172;2798;132;26486;510;0;0
CATALUNYA;GLOBAL;2020-04-14;2020-04-20;No;78.0645;0.845672;92.3106;40.2429;3114;405.7247;30807;588;11.9892;0;0;592;2918;196;2955;152;25345;570;0;0
CATALUNYA;GLOBAL;2020-04-13;2020-04-19;No;82.5813;0.829566;99.5476;39.8810;3086;380.7700;28790;674;12.6047;0;0;600;2885;201;2921;163;23812;655;0;0
CATALUNYA;GLOBAL;2020-04-12;2020-04-18;No;83.3242;0.812863;102.5070;41.5740;3217;377.6813;28526;699;13.2444;0;0;627;3012;205;3030;177;23532;682;0;0
CATALUNYA;GLOBAL;2020-04-11;2020-04-17;No;82.9606;0.782293;106.0480;43.5383;3369;371.6849;28032;729;14.1193;0;0;674;3146;223;3172;186;23071;712;0;0
CATALUNYA;GLOBAL;2020-04-10;2020-04-16;No;85.223;0.763967;111.5533;43.7580;3386;349.0693;26168;843;15.1396;0;0;706;3144;242;3184;205;21567;818;0;0
CATALUNYA;GLOBAL;2020-04-09;2020-04-15;No;89.684;0.756047;118.6223;47.2602;3657;349.9222;26134;943;16.2866;0;0;780;3386;271;3434;230;21586;911;0;0
CATALUNYA;GLOBAL;2020-04-08;2020-04-14;No;95.9762;0.765791;125.3294;50.3747;3898;350.4133;26124;991;17.3854;0;0;833;3623;275;3705;234;21700;957;0;0
CATALUNYA;GLOBAL;2020-04-07;2020-04-13;No;102.69;0.775389;132.4372;52.0676;4029;349.9352;26172;906;18.3586;0;0;873;3776;253;3969;214;21905;880;0;0
CATALUNYA;GLOBAL;2020-04-06;2020-04-12;No;115.765;0.783306;147.7900;59.6665;4617;362.2768;27261;772;19.8260;0;0;950;4374;243;4483;188;22810;750;0;0
CATALUNYA;GLOBAL;2020-04-05;2020-04-11;No;119.357;0.777427;153.5279;60.9330;4715;360.0670;27175;687;20.4684;0;0;1000;4490;225;4636;162;22776;665;0;0
CATALUNYA;GLOBAL;2020-04-04;2020-04-10;No;122.164;0.762899;160.1317;62.5096;4837;359.3820;27196;613;21.4676;0;0;1048;4638;199;4889;140;22835;591;0;0
CATALUNYA;GLOBAL;2020-04-03;2020-04-09;No;127.918;0.74755;171.1164;67.7952;5246;371.0776;28312;402;22.7435;0;0;1108;5092;154;5432;99;23929;390;0;0
CATALUNYA;GLOBAL;2020-04-02;2020-04-08;No;133.955;0.737124;181.7264;71.3620;5522;362.6904;27854;211;24.3077;0;0;1156;5422;100;5760;51;23700;206;0;0
CATALUNYA;GLOBAL;2020-04-01;2020-04-07;No;141.848;0.736608;192.5690;74.9547;5800;353.5795;27292;68;25.8394;0;0;1211;5730;70;6076;19;23523;65;0;0
CATALUNYA;GLOBAL;2020-03-31;2020-04-06;No;152.505;0.743405;205.1433;80.3695;6219;349.5604;27040;9;28.2411;0;0;1317;6177;42;6687;5;23687;9;0;0
CATALUNYA;GLOBAL;2020-03-30;2020-04-05;No;166.078;0.756304;219.5915;88.1235;6819;357.7925;27681;5;29.6113;0;0;1415;6794;25;7249;4;24489;5;0;0
CATALUNYA;GLOBAL;2020-03-29;2020-04-04;No;174.241;0.772874;225.4457;92.5949;7165;367.9501;28467;5;30.7821;0;0;1494;7140;25;7750;4;25185;5;0;0
CATALUNYA;GLOBAL;2020-03-28;2020-04-03;No;185.763;0.80371;231.1319;97.6220;7554;375.2905;29034;6;32.4584;0;0;1560;7529;25;8379;5;25824;6;0;0
CATALUNYA;GLOBAL;2020-03-27;2020-04-02;No;204.474;0.857203;238.5369;103.3212;7995;366.2055;28328;9;34.6688;0;0;1611;7969;26;8784;8;25351;9;0;0
CATALUNYA;GLOBAL;2020-03-26;2020-04-01;No;223.293;0.920142;242.6723;110.3643;8540;361.0621;27929;10;37.3638;0;0;1628;8514;26;9422;9;25231;10;0;0
CATALUNYA;GLOBAL;2020-03-25;2020-03-31;No;242.82;0.987253;245.9548;117.6143;9101;357.6374;27666;8;39.4074;0;0;1644;9087;14;9928;7;25203;8;0;0
CATALUNYA;GLOBAL;2020-03-24;2020-03-30;No;260.604;1.06521;244.6496;124.7737;9655;351.0724;27158;8;41.0196;0;0;1571;9638;17;10219;8;24924;8;0;0
CATALUNYA;GLOBAL;2020-03-23;2020-03-29;No;272.314;1.13423;240.0877;131.4680;10173;335.6550;25966;7;42.2689;0;0;1463;10159;14;10165;7;24058;7;0;0
CATALUNYA;GLOBAL;2020-03-22;2020-03-28;No;286.135;1.21241;236.0040;132.8507;10280;328.4697;25411;6;42.6668;0;0;1349;10267;13;10115;6;23715;6;0;0
CATALUNYA;GLOBAL;2020-03-21;2020-03-27;No;305.644;1.33658;228.6765;133.5098;10331;319.1779;24693;5;42.9546;0;0;1210;10321;10;9939;5;23145;5;0;0
CATALUNYA;GLOBAL;2020-03-20;2020-03-26;No;345.634;1.58735;217.7434;135.2157;10463;310.4805;24023;2;43.2037;0;0;1059;10454;9;9794;2;22672;2;0;0
CATALUNYA;GLOBAL;2020-03-19;2020-03-25;No;369.861;1.8319;201.8996;132.3080;10238;299.5475;23178;1;42.1210;0;0;896;10230;8;9269;1;22007;1;0;0
CATALUNYA;GLOBAL;2020-03-18;2020-03-24;No;388.84;2.11711;183.6649;128.3405;9931;284.3627;22002;2;40.9650;0;0;746;9922;9;8590;2;20972;2;0;0
CATALUNYA;GLOBAL;2020-03-17;2020-03-23;No;406.745;2.48904;163.4142;119.8758;9276;264.2154;20443;2;38.9758;0;0;603;9269;7;7624;2;19564;2;0;0
CATALUNYA;GLOBAL;2020-03-16;2020-03-22;No;405.888;2.97055;136.6373;108.6197;8405;247.1567;19123;2;37.4149;0;0;478;8399;6;6867;2;18357;2;0;0
CATALUNYA;GLOBAL;2020-03-15;2020-03-21;No;440.353;3.50886;125.4974;103.1532;7982;237.6064;18384;2;35.9679;0;0;395;7976;6;6360;2;17686;2;0;0
CATALUNYA;GLOBAL;2020-03-14;2020-03-20;No;448.315;3.96012;113.2074;95.1666;7364;224.4764;17368;2;33.1702;0;0;332;7358;6;5555;2;16751;2;0;0
CATALUNYA;GLOBAL;2020-03-13;2020-03-19;No;395.846;4.2284;93.6158;82.5277;6386;204.3421;15809;3;29.6858;0;0;265;6380;6;4541;3;15304;3;0;0
CATALUNYA;GLOBAL;2020-03-12;2020-03-18;No;344.666;4.51503;76.3375;69.5915;5385;174.2697;13479;6;27.1893;0;0;218;5381;4;3552;3;13069;6;0;0
CATALUNYA;GLOBAL;2020-03-11;2020-03-17;No;282.926;4.75621;59.4856;55.3243;4281;143.3444;11087;5;25.3136;0;0;160;4279;2;2722;2;10756;5;0;0
CATALUNYA;GLOBAL;2020-03-10;2020-03-16;No;224.541;4.91653;45.6706;43.5383;3369;115.2493;8913;5;23.5383;0;0;126;3367;2;2031;2;8632;5;0;0
CATALUNYA;GLOBAL;2020-03-09;2020-03-15;No;144.637;4.9942;28.9609;28.0175;2168;88.6921;6857;6;21.1058;0;0;103;2165;3;1398;3;6632;6;0;0
CATALUNYA;GLOBAL;2020-03-08;2020-03-14;No;105.853;4.55556;23.2359;22.3442;1729;70.1989;5426;6;18.8414;0;0;76;1726;3;989;3;5259;6;0;0
CATALUNYA;GLOBAL;2020-03-07;2020-03-13;No;;;18.7774;18.0408;1396;49.5864;3831;6;18.6951;0;0;50;1393;3;699;3;3749;6;0;0
CATALUNYA;GLOBAL;2020-03-06;2020-03-12;No;;;11.6567;11.0881;858;25.9756;2005;5;19.7468;0;0;30;856;2;388;2;1970;5;0;0
CATALUNYA;GLOBAL;2020-03-05;2020-03-11;No;;;7.0690;6.7459;522;14.0992;1088;3;17.2414;0;0;17;520;2;183;2;1070;3;0;0
CATALUNYA;GLOBAL;2020-03-04;2020-03-10;No;;;4.3938;4.1612;322;8.4130;648;3;14.9533;0;0;12;320;2;94;2;639;3;0;0
CATALUNYA;GLOBAL;2020-03-03;2020-03-09;No;;;2.2486;2.1323;165;4.7815;368;2;8.2418;0;0;9;164;1;29;1;362;2;0;0
CATALUNYA;GLOBAL;2020-03-02;2020-03-08;No;;;1.0080;0.9433;73;3.9803;306;2;5.2805;0;0;5;73;0;16;0;301;2;0;0
CATALUNYA;GLOBAL;2020-03-01;2020-03-07;No;;;0.8917;0.8917;69;3.6314;279;2;4.3321;0;0;2;69;0;12;0;275;2;0;0
CATALUNYA;GLOBAL;2020-02-29;2020-03-06;No;;;0.7366;0.7366;57;2.6104;200;2;5.0505;0;0;0;57;0;10;0;196;2;0;0
CATALUNYA;GLOBAL;2020-02-28;2020-03-05;No;;;0.5686;0.5686;44;1.8867;144;2;5.5556;0;0;0;44;0;8;0;142;2;0;0
CATALUNYA;GLOBAL;2020-02-27;2020-03-04;No;;;0.3230;0.3230;25;1.4086;108;1;2.7523;0;0;0;25;0;3;0;108;1;0;0
CATALUNYA;GLOBAL;2020-02-26;2020-03-03;No;;;0.2326;0.2326;18;1.0597;81;1;2.4390;0;0;0;18;0;2;0;81;1;0;0
CATALUNYA;GLOBAL;2020-02-25;2020-03-02;No;;;0.1163;0.1163;9;0.7237;55;1;3.5714;0;0;0;9;0;2;0;55;1;0;0
CATALUNYA;GLOBAL;2020-02-24;2020-03-01;No;;;0.0646;0.0646;5;0.2713;21;0;0.0000;0;0;0;5;0;0;0;21;0;0;0
