NOM;CODI;DATA_INI;DATA_FI;RESIDENCIA;IEPG_CONFIRMAT;R0_CONFIRMAT_M;TAXA_CASOS_CONFIRMAT;CASOS_CONFIRMAT;TAXA_PCR;PCR;PERC_PCR_POSITIVES;INGRESSOS_TOTAL;INGRESSOS_CRITIC;EXITUS
CATALUNYA;CATALUNYA;2020-09-12;2020-09-18;No;186.86;1.12665;85.7402;6523;1204.6745;91650;7.5302;403;60;57
CATALUNYA;CATALUNYA;2020-09-12;2020-09-18;--;;;0.0000;101;0.0000;806;7.8880;28;5;0
CATALUNYA;CATALUNYA;2020-09-12;2020-09-18;Si;;;403.1375;258;5545.4857;3549;8.4295;20;1;13
CATALUNYA;CATALUNYA;2020-09-11;2020-09-17;--;;;0.0000;93;0.0000;772;7.5497;25;5;0
CATALUNYA;CATALUNYA;2020-09-11;2020-09-17;Si;;;357.8236;229;4822.0256;3086;8.5146;23;1;14
CATALUNYA;CATALUNYA;2020-09-11;2020-09-17;No;173.03;1.01464;80.0750;6092;1069.4723;81364;7.6647;392;61;56
CATALUNYA;CATALUNYA;2020-09-10;2020-09-16;No;167.089;0.971267;82.3621;6266;1093.6972;83207;7.8901;402;63;53
CATALUNYA;CATALUNYA;2020-09-10;2020-09-16;--;;;0.0000;98;0.0000;725;8.4507;28;6;0
CATALUNYA;CATALUNYA;2020-09-10;2020-09-16;Si;;;351.5734;225;5215.7879;3338;7.5676;27;1;17
CATALUNYA;CATALUNYA;2020-09-09;2020-09-15;No;160.439;0.931897;82.6250;6286;1086.0867;82628;7.9358;407;65;52
CATALUNYA;CATALUNYA;2020-09-09;2020-09-15;--;;;0.0000;104;0.0000;804;8.0255;30;6;0
CATALUNYA;CATALUNYA;2020-09-09;2020-09-15;Si;;;293.7591;188;5581.4244;3572;5.9065;24;0;17
CATALUNYA;CATALUNYA;2020-09-08;2020-09-14;--;;;0.0000;113;0.0000;829;8.4871;35;7;0
CATALUNYA;CATALUNYA;2020-09-08;2020-09-14;Si;;;289.0715;185;6115.8161;3914;5.2156;22;1;18
CATALUNYA;CATALUNYA;2020-09-08;2020-09-14;No;158.529;0.92746;81.2054;6178;1084.3516;82496;7.7746;406;66;50
CATALUNYA;CATALUNYA;2020-09-07;2020-09-13;--;;;0.0000;120;0.0000;871;7.7374;30;7;0
CATALUNYA;CATALUNYA;2020-09-07;2020-09-13;Si;;;267.1958;171;5623.6132;3599;5.3376;26;1;11
CATALUNYA;CATALUNYA;2020-09-07;2020-09-13;No;158.018;0.923544;81.1791;6176;1081.2101;82257;7.7818;418;71;51
CATALUNYA;CATALUNYA;2020-09-06;2020-09-12;No;164.364;0.954405;80.6270;6134;1077.3720;81965;7.8400;426;69;47
CATALUNYA;CATALUNYA;2020-09-06;2020-09-12;--;;;0.0000;126;0.0000;867;7.7647;31;5;0
CATALUNYA;CATALUNYA;2020-09-06;2020-09-12;Si;;;203.1313;130;5578.2993;3570;4.0790;31;1;17
CATALUNYA;CATALUNYA;2020-09-05;2020-09-11;--;;;0.0000;125;0.0000;846;7.4789;35;4;0
CATALUNYA;CATALUNYA;2020-09-05;2020-09-11;Si;;;132.8166;85;5425.1695;3472;3.2441;31;2;17
CATALUNYA;CATALUNYA;2020-09-05;2020-09-11;No;169.591;0.985731;80.1144;6095;1085.9552;82618;7.7295;436;78;52
CATALUNYA;CATALUNYA;2020-09-04;2020-09-10;--;;;0.0000;138;0.0000;993;7.0915;38;5;0
CATALUNYA;CATALUNYA;2020-09-04;2020-09-10;Si;;;146.8795;94;6903.3407;4418;2.7756;32;2;18
CATALUNYA;CATALUNYA;2020-09-04;2020-09-10;No;185.8;1.02312;90.4590;6882;1248.6159;94993;7.6613;451;76;56
CATALUNYA;CATALUNYA;2020-09-03;2020-09-09;No;185.035;1.0195;89.6703;6822;1240.8213;94400;7.4588;430;73;51
CATALUNYA;CATALUNYA;2020-09-03;2020-09-09;--;;;0.0000;141;0.0000;1079;6.3327;35;3;0
CATALUNYA;CATALUNYA;2020-09-03;2020-09-09;Si;;;170.3178;109;7365.8551;4714;3.2282;32;2;24
CATALUNYA;CATALUNYA;2020-09-02;2020-09-08;Si;;;229.6946;147;7090.8465;4538;3.7836;33;2;25
CATALUNYA;CATALUNYA;2020-09-02;2020-09-08;No;186.598;1.0122;89.5389;6812;1269.5941;96589;7.2220;431;77;47
CATALUNYA;CATALUNYA;2020-09-02;2020-09-08;--;;;0.0000;136;0.0000;1101;5.6377;31;3;0
CATALUNYA;CATALUNYA;2020-09-01;2020-09-07;--;;;0.0000;135;0.0000;1163;5.5118;31;1;0
CATALUNYA;CATALUNYA;2020-09-01;2020-09-07;Si;;;240.6325;154;7126.7852;4561;3.9299;36;1;27
CATALUNYA;CATALUNYA;2020-09-01;2020-09-07;No;187.334;1.00565;89.7229;6826;1287.6413;97962;7.1739;426;83;49
CATALUNYA;CATALUNYA;2020-08-31;2020-09-06;No;188.777;0.999855;89.9201;6841;1293.6351;98418;7.2797;427;82;49
CATALUNYA;CATALUNYA;2020-08-31;2020-09-06;--;;;0.0000;120;0.0000;1029;5.2632;30;1;0
CATALUNYA;CATALUNYA;2020-08-31;2020-09-06;Si;;;235.9448;151;7262.7269;4648;3.6262;35;1;26
CATALUNYA;CATALUNYA;2020-08-30;2020-09-05;Si;;;226.5695;145;7259.6018;4646;3.4668;33;1;25
CATALUNYA;CATALUNYA;2020-08-30;2020-09-05;No;188.948;0.994804;91.5894;6968;1302.8886;99122;7.2930;417;81;51
CATALUNYA;CATALUNYA;2020-08-30;2020-09-05;--;;;0.0000;116;0.0000;1029;4.8611;25;2;0
CATALUNYA;CATALUNYA;2020-08-29;2020-09-04;--;;;0.0000;109;0.0000;1025;4.8756;24;2;0
CATALUNYA;CATALUNYA;2020-08-29;2020-09-04;Si;;;218.7568;140;7306.4783;4676;3.2031;30;0;27
CATALUNYA;CATALUNYA;2020-08-29;2020-09-04;No;187.527;0.986159;91.9311;6994;1295.1072;98530;7.3051;413;77;45
CATALUNYA;CATALUNYA;2020-08-28;2020-09-03;No;189.815;0.996815;91.1425;6934;1297.0000;98674;7.1920;403;76;43
CATALUNYA;CATALUNYA;2020-08-28;2020-09-03;--;;;0.0000;118;0.0000;1055;4.6557;21;1;0
CATALUNYA;CATALUNYA;2020-08-28;2020-09-03;Si;;;232.8197;149;6990.8434;4474;3.6002;30;0;28
CATALUNYA;CATALUNYA;2020-08-27;2020-09-02;No;193.461;1.01143;91.8260;6986;1297.5652;98717;7.2827;435;80;46
CATALUNYA;CATALUNYA;2020-08-27;2020-09-02;--;;;0.0000;120;0.0000;1052;4.6647;25;1;0
CATALUNYA;CATALUNYA;2020-08-27;2020-09-02;Si;;;231.2572;148;6590.8309;4218;3.6125;28;0;23
CATALUNYA;CATALUNYA;2020-08-26;2020-09-01;--;;;0.0000;126;0.0000;1047;5.3659;29;1;0
CATALUNYA;CATALUNYA;2020-08-26;2020-09-01;Si;;;234.3823;150;6951.7797;4449;3.9855;33;0;25
CATALUNYA;CATALUNYA;2020-08-26;2020-09-01;No;199.321;1.03059;94.8097;7213;1332.4896;101374;7.4016;432;69;45
CATALUNYA;CATALUNYA;2020-08-25;2020-08-31;No;202.911;1.04454;96.5579;7346;1330.1631;101197;7.4262;436;60;40
CATALUNYA;CATALUNYA;2020-08-25;2020-08-31;--;;;0.0000;128;0.0000;1009;5.4656;27;1;0
CATALUNYA;CATALUNYA;2020-08-25;2020-08-31;Si;;;260.9456;167;7084.5963;4534;4.3445;33;0;23
CATALUNYA;CATALUNYA;2020-08-24;2020-08-30;No;204.632;1.05798;98.8845;7523;1350.3921;102736;7.3302;436;63;40
CATALUNYA;CATALUNYA;2020-08-24;2020-08-30;--;;;0.0000;140;0.0000;1151;5.8459;28;2;0
CATALUNYA;CATALUNYA;2020-08-24;2020-08-30;Si;;;259.3831;166;7206.4752;4612;4.1863;30;0;30
CATALUNYA;CATALUNYA;2020-08-23;2020-08-29;--;;;0.0000;142;0.0000;1149;6.0337;32;2;0
CATALUNYA;CATALUNYA;2020-08-23;2020-08-29;Si;;;268.7583;172;7248.6640;4639;4.7163;30;1;29
CATALUNYA;CATALUNYA;2020-08-23;2020-08-29;No;206.416;1.07149;98.3456;7482;1353.7176;102989;7.2859;433;65;42
CATALUNYA;CATALUNYA;2020-08-22;2020-08-28;--;;;0.0000;143;0.0000;1138;6.0144;33;3;0
CATALUNYA;CATALUNYA;2020-08-22;2020-08-28;Si;;;292.1966;187;7453.3579;4770;4.6043;30;1;31
CATALUNYA;CATALUNYA;2020-08-22;2020-08-28;No;211.596;1.10252;98.2273;7473;1370.2794;104249;7.1775;432;60;43
CATALUNYA;CATALUNYA;2020-08-21;2020-08-27;No;215.766;1.13169;99.2788;7553;1350.2475;102725;7.4046;446;67;36
CATALUNYA;CATALUNYA;2020-08-21;2020-08-27;--;;;0.0000;143;0.0000;1063;6.3462;35;4;0
CATALUNYA;CATALUNYA;2020-08-21;2020-08-27;Si;;;303.1344;194;7468.9834;4780;4.4322;29;1;31
CATALUNYA;CATALUNYA;2020-08-20;2020-08-26;--;;;0.0000;138;0.0000;1049;6.6341;31;5;0
CATALUNYA;CATALUNYA;2020-08-20;2020-08-26;Si;;;301.5719;193;6998.6562;4479;4.6434;28;1;32
CATALUNYA;CATALUNYA;2020-08-20;2020-08-26;No;217.013;1.1502;99.4497;7566;1297.1314;98684;7.7320;425;63;36
CATALUNYA;CATALUNYA;2020-08-19;2020-08-25;--;;;0.0000;130;0.0000;1022;5.9059;28;6;0
CATALUNYA;CATALUNYA;2020-08-19;2020-08-25;Si;;;217.1942;139;6537.7043;4184;3.6616;25;2;30
CATALUNYA;CATALUNYA;2020-08-19;2020-08-25;No;214.403;1.16005;98.5953;7501;1230.3584;93604;7.9637;447;68;40
CATALUNYA;CATALUNYA;2020-08-18;2020-08-24;No;212.154;1.16647;97.7015;7433;1190.2946;90556;8.1871;465;75;43
CATALUNYA;CATALUNYA;2020-08-18;2020-08-24;--;;;0.0000;122;0.0000;1010;5.2685;27;7;0
CATALUNYA;CATALUNYA;2020-08-18;2020-08-24;Si;;;187.5058;120;6420.5131;4109;3.1986;27;3;31
CATALUNYA;CATALUNYA;2020-08-17;2020-08-23;Si;;;175.0054;112;6051.7516;3873;3.2198;32;3;27
CATALUNYA;CATALUNYA;2020-08-17;2020-08-23;No;207.498;1.16606;94.5337;7192;1131.5002;86083;8.4504;464;79;41
CATALUNYA;CATALUNYA;2020-08-17;2020-08-23;--;;;0.0000;116;0.0000;989;5.6701;25;6;0
CATALUNYA;CATALUNYA;2020-08-16;2020-08-22;--;;;0.0000;112;0.0000;984;5.6017;25;5;0
CATALUNYA;CATALUNYA;2020-08-16;2020-08-22;Si;;;173.4429;111;6076.7523;3889;2.6576;32;2;24
CATALUNYA;CATALUNYA;2020-08-16;2020-08-22;No;206.174;1.16499;94.2971;7174;1127.5963;85786;8.4425;478;77;38
CATALUNYA;CATALUNYA;2020-08-15;2020-08-21;No;202.709;1.14857;93.6925;7128;1105.6979;84120;8.6588;494;79;39
CATALUNYA;CATALUNYA;2020-08-15;2020-08-21;--;;;0.0000;109;0.0000;971;5.3571;25;4;0
CATALUNYA;CATALUNYA;2020-08-15;2020-08-21;Si;;;156.2548;100;5836.1198;3735;2.8278;32;2;22
CATALUNYA;CATALUNYA;2020-08-14;2020-08-20;Si;;;120.3162;77;5322.0413;3406;3.0325;32;2;26
CATALUNYA;CATALUNYA;2020-08-14;2020-08-20;No;194.581;1.12386;91.3791;6952;1067.7898;81236;8.7384;492;71;45
CATALUNYA;CATALUNYA;2020-08-14;2020-08-20;--;;;0.0000;110;0.0000;1061;5.8994;26;3;0
CATALUNYA;CATALUNYA;2020-08-13;2020-08-19;--;;;0.0000;127;0.0000;1071;6.8834;27;3;0
CATALUNYA;CATALUNYA;2020-08-13;2020-08-19;Si;;;110.9409;71;5704.8657;3651;2.5497;38;3;24
CATALUNYA;CATALUNYA;2020-08-13;2020-08-19;No;187.571;1.10836;89.2234;6788;1066.1731;81113;8.4487;488;71;43
CATALUNYA;CATALUNYA;2020-08-12;2020-08-18;No;182.539;1.09964;86.2265;6560;1056.5646;80382;8.3199;467;67;38
CATALUNYA;CATALUNYA;2020-08-12;2020-08-18;--;;;0.0000;130;0.0000;1026;7.6305;26;3;0
CATALUNYA;CATALUNYA;2020-08-12;2020-08-18;Si;;;151.5672;97;6006.4377;3844;3.3177;42;2;25
CATALUNYA;CATALUNYA;2020-08-11;2020-08-17;No;179.017;1.09436;84.1760;6404;1039.4113;79077;8.2010;455;64;37
CATALUNYA;CATALUNYA;2020-08-11;2020-08-17;--;;;0.0000;131;0.0000;1012;8.5279;25;2;0
CATALUNYA;CATALUNYA;2020-08-11;2020-08-17;Si;;;204.6938;131;5829.8696;3731;4.3533;44;1;27
CATALUNYA;CATALUNYA;2020-08-10;2020-08-16;--;;;0.0000;129;0.0000;1039;8.3086;23;2;0
CATALUNYA;CATALUNYA;2020-08-10;2020-08-16;Si;;;231.2572;148;5779.8681;3699;4.7573;42;1;25
CATALUNYA;CATALUNYA;2020-08-10;2020-08-16;No;177.034;1.09287;83.4136;6346;1048.4020;79761;8.0771;445;59;43
CATALUNYA;CATALUNYA;2020-08-09;2020-08-15;No;175.393;1.09222;82.6776;6290;1044.7741;79485;8.0730;449;62;41
CATALUNYA;CATALUNYA;2020-08-09;2020-08-15;--;;;0.0000;126;0.0000;1034;8.3416;20;3;0
CATALUNYA;CATALUNYA;2020-08-09;2020-08-15;Si;;;226.5695;145;5673.6148;3631;4.7836;43;2;29
CATALUNYA;CATALUNYA;2020-08-08;2020-08-14;No;175.032;1.09418;82.7959;6299;1076.5833;81905;7.7912;449;61;37
CATALUNYA;CATALUNYA;2020-08-08;2020-08-14;--;;;0.0000;126;0.0000;1048;8.4396;19;3;0
CATALUNYA;CATALUNYA;2020-08-08;2020-08-14;Si;;;226.5695;145;5926.7477;3793;4.7117;43;3;29
CATALUNYA;CATALUNYA;2020-08-07;2020-08-13;--;;;0.0000;119;0.0000;946;8.5498;16;3;0
CATALUNYA;CATALUNYA;2020-08-07;2020-08-13;Si;;;317.1974;203;6003.3126;3842;5.9945;47;3;23
CATALUNYA;CATALUNYA;2020-08-07;2020-08-13;No;172.923;1.08251;81.7575;6220;1075.9393;81856;7.6684;448;68;35
CATALUNYA;CATALUNYA;2020-08-06;2020-08-12;--;;;0.0000;118;0.0000;993;7.5413;17;3;0
CATALUNYA;CATALUNYA;2020-08-06;2020-08-12;Si;;;354.6985;227;5937.6855;3800;6.7597;43;2;23
CATALUNYA;CATALUNYA;2020-08-06;2020-08-12;No;169.756;1.06558;80.0093;6087;1070.7210;81459;7.6439;462;77;37
CATALUNYA;CATALUNYA;2020-08-05;2020-08-11;No;167.929;1.0503;79.7727;6069;1056.8800;80406;7.7396;468;80;35
CATALUNYA;CATALUNYA;2020-08-05;2020-08-11;--;;;0.0000;111;0.0000;1089;6.6667;18;3;0
CATALUNYA;CATALUNYA;2020-08-05;2020-08-11;Si;;;328.1352;210;5948.6233;3807;6.0945;42;3;23
CATALUNYA;CATALUNYA;2020-08-04;2020-08-10;--;;;0.0000;118;0.0000;1152;6.3167;23;6;0
CATALUNYA;CATALUNYA;2020-08-04;2020-08-10;Si;;;300.0093;192;5990.8122;3834;5.7374;37;3;23
CATALUNYA;CATALUNYA;2020-08-04;2020-08-10;No;166.364;1.03371;79.4046;6041;1056.7355;80395;7.8072;458;80;36
CATALUNYA;CATALUNYA;2020-08-03;2020-08-09;--;;;0.0000;125;0.0000;1138;6.1261;26;26;0
CATALUNYA;CATALUNYA;2020-08-03;2020-08-09;Si;;;285.9464;183;6086.1276;3895;5.5675;40;3;26
CATALUNYA;CATALUNYA;2020-08-03;2020-08-09;No;164.741;1.0183;78.5765;5978;1028.9484;78281;7.8570;463;76;27
CATALUNYA;CATALUNYA;2020-08-02;2020-08-08;No;162.169;1.00477;77.9062;5927;1023.3884;77858;7.8660;455;74;27
CATALUNYA;CATALUNYA;2020-08-02;2020-08-08;--;;;0.0000;129;0.0000;1145;6.0932;39;26;0
CATALUNYA;CATALUNYA;2020-08-02;2020-08-08;Si;;;289.0715;185;6293.9466;4028;5.4438;41;2;25
CATALUNYA;CATALUNYA;2020-08-01;2020-08-07;Si;;;292.1966;187;6453.3266;4130;5.2586;46;1;26
CATALUNYA;CATALUNYA;2020-08-01;2020-08-07;No;160.316;0.997351;77.1701;5871;994.9836;75697;8.1125;450;76;32
CATALUNYA;CATALUNYA;2020-08-01;2020-08-07;--;;;0.0000;130;0.0000;1145;6.1717;49;28;0
CATALUNYA;CATALUNYA;2020-07-31;2020-08-06;--;;;0.0000;128;0.0000;1154;6.2999;65;30;0
CATALUNYA;CATALUNYA;2020-07-31;2020-08-06;Si;;;212.5066;136;6570.5178;4205;3.8516;47;1;28
CATALUNYA;CATALUNYA;2020-07-31;2020-08-06;No;163.845;1.02031;77.9850;5933;989.3052;75265;8.2976;457;80;34
CATALUNYA;CATALUNYA;2020-07-30;2020-08-05;No;168.47;1.03555;79.2995;6033;982.3388;74735;8.4535;448;74;38
CATALUNYA;CATALUNYA;2020-07-30;2020-08-05;--;;;0.0000;113;0.0000;1152;5.8615;72;29;0
CATALUNYA;CATALUNYA;2020-07-30;2020-08-05;Si;;;201.5687;129;6434.5760;4118;4.1427;50;1;29
CATALUNYA;CATALUNYA;2020-07-29;2020-08-04;Si;;;267.1958;171;6390.8247;4090;5.3510;55;0;28
CATALUNYA;CATALUNYA;2020-07-29;2020-08-04;No;171.649;1.04865;80.1144;6095;1012.0186;76993;8.3396;452;73;41
CATALUNYA;CATALUNYA;2020-07-29;2020-08-04;--;;;0.0000;131;0.0000;1157;6.8783;75;29;0
CATALUNYA;CATALUNYA;2020-07-28;2020-08-03;--;;;0.0000;129;0.0000;1089;6.9288;74;26;0
CATALUNYA;CATALUNYA;2020-07-28;2020-08-03;Si;;;301.5719;193;6323.6351;4047;5.6880;58;0;27
CATALUNYA;CATALUNYA;2020-07-28;2020-08-03;No;174.866;1.05618;81.5340;6203;1000.8328;76142;8.5068;465;77;40
CATALUNYA;CATALUNYA;2020-07-27;2020-08-02;No;177.167;1.0624;83.2033;6330;999.0320;76005;8.5060;470;85;45
CATALUNYA;CATALUNYA;2020-07-27;2020-08-02;--;;;0.0000;114;0.0000;1067;6.7050;85;6;0
CATALUNYA;CATALUNYA;2020-07-27;2020-08-02;Si;;;296.8842;190;6061.1269;3879;5.6627;58;0;27
CATALUNYA;CATALUNYA;2020-07-26;2020-08-01;No;177.145;1.05959;83.4925;6352;1010.2309;76857;8.5432;516;94;47
CATALUNYA;CATALUNYA;2020-07-26;2020-08-01;--;;;0.0000;112;0.0000;1070;6.7813;84;5;0
CATALUNYA;CATALUNYA;2020-07-26;2020-08-01;Si;;;296.8842;190;6072.0647;3886;5.7367;54;0;28
CATALUNYA;CATALUNYA;2020-07-25;2020-07-31;--;;;0.0000;115;0.0000;1088;6.6604;76;4;0
CATALUNYA;CATALUNYA;2020-07-25;2020-07-31;Si;;;304.6970;195;5975.1867;3824;5.8554;58;0;28
CATALUNYA;CATALUNYA;2020-07-25;2020-07-31;No;177.449;1.05593;83.5714;6358;1008.6931;76740;8.4778;511;96;49
CATALUNYA;CATALUNYA;2020-07-24;2020-07-30;No;175.802;1.06132;82.5987;6284;1009.0348;76766;8.2835;551;100;46
CATALUNYA;CATALUNYA;2020-07-24;2020-07-30;--;;;0.0000;123;0.0000;1063;7.2797;74;2;0
CATALUNYA;CATALUNYA;2020-07-24;2020-07-30;Si;;;317.1974;203;5872.0585;3758;6.1250;68;0;27
CATALUNYA;CATALUNYA;2020-07-23;2020-07-29;No;177.973;1.08459;83.3874;6344;1018.0255;77450;8.1713;586;104;38
CATALUNYA;CATALUNYA;2020-07-23;2020-07-29;--;;;0.0000;144;0.0000;1045;8.1792;76;2;0
CATALUNYA;CATALUNYA;2020-07-23;2020-07-29;Si;;;281.2587;180;5939.2481;3801;5.1282;73;0;25
CATALUNYA;CATALUNYA;2020-07-22;2020-07-28;--;;;0.0000;135;0.0000;1021;7.8921;76;1;0
CATALUNYA;CATALUNYA;2020-07-22;2020-07-28;Si;;;221.8819;142;6056.4392;3876;3.7902;63;0;24
CATALUNYA;CATALUNYA;2020-07-22;2020-07-28;No;179.545;1.11415;83.5714;6358;985.7300;74993;8.3842;602;136;37
CATALUNYA;CATALUNYA;2020-07-21;2020-07-27;--;;;0.0000;139;0.0000;994;8.5128;82;1;0
CATALUNYA;CATALUNYA;2020-07-21;2020-07-27;Si;;;156.2548;100;5934.5604;3798;2.8072;62;0;21
CATALUNYA;CATALUNYA;2020-07-21;2020-07-27;No;179.878;1.15348;84.0314;6393;972.9800;74023;8.5304;620;151;39
CATALUNYA;CATALUNYA;2020-07-20;2020-07-26;No;179.22;1.19582;83.5582;6357;959.3494;72986;8.6325;641;153;39
CATALUNYA;CATALUNYA;2020-07-20;2020-07-26;--;;;0.0000;160;0.0000;978;9.0343;71;2;0
CATALUNYA;CATALUNYA;2020-07-20;2020-07-26;Si;;;176.5680;113;6095.5029;3901;3.2464;57;2;19
CATALUNYA;CATALUNYA;2020-07-19;2020-07-25;--;;;0.0000;163;0.0000;969;8.9005;62;2;0
CATALUNYA;CATALUNYA;2020-07-19;2020-07-25;Si;;;190.6309;122;6201.7563;3969;3.3963;68;2;13
CATALUNYA;CATALUNYA;2020-07-19;2020-07-25;No;185.419;1.25079;83.6897;6367;942.7481;71723;8.6954;604;149;39
CATALUNYA;CATALUNYA;2020-07-18;2020-07-24;--;;;0.0000;197;0.0000;992;11.4519;65;3;0
CATALUNYA;CATALUNYA;2020-07-18;2020-07-24;Si;;;229.6946;147;6211.1315;3975;4.6285;61;2;11
CATALUNYA;CATALUNYA;2020-07-18;2020-07-24;No;195.941;1.3443;84.4783;6427;931.7069;70883;8.9127;595;140;32
CATALUNYA;CATALUNYA;2020-07-17;2020-07-23;No;203.299;1.45926;83.0456;6318;887.7787;67541;9.2213;541;135;31
CATALUNYA;CATALUNYA;2020-07-17;2020-07-23;--;;;0.0000;212;0.0000;1057;12.1764;55;4;0
CATALUNYA;CATALUNYA;2020-07-17;2020-07-23;Si;;;220.3193;141;6133.0041;3925;4.7178;48;2;9
CATALUNYA;CATALUNYA;2020-07-16;2020-07-22;Si;;;234.3823;150;5851.7453;3745;4.7574;42;2;8
CATALUNYA;CATALUNYA;2020-07-16;2020-07-22;No;200.601;1.52813;80.7059;6140;841.8920;64050;9.4047;507;132;29
CATALUNYA;CATALUNYA;2020-07-16;2020-07-22;--;;;0.0000;221;0.0000;1040;12.8906;51;6;0
CATALUNYA;CATALUNYA;2020-07-15;2020-07-21;--;;;0.0000;225;0.0000;990;14.1538;49;9;0
CATALUNYA;CATALUNYA;2020-07-15;2020-07-21;Si;;;292.1966;187;5561.1112;3559;6.4028;44;2;9
CATALUNYA;CATALUNYA;2020-07-15;2020-07-21;No;192.824;1.56628;77.5776;5902;797.4117;60666;9.3367;461;103;25
CATALUNYA;CATALUNYA;2020-07-14;2020-07-20;No;180.098;1.59081;71.9124;5471;741.3644;56402;9.1238;441;79;19
CATALUNYA;CATALUNYA;2020-07-14;2020-07-20;--;;;0.0000;229;0.0000;957;14.0890;41;9;0
CATALUNYA;CATALUNYA;2020-07-14;2020-07-20;Si;;;289.0715;185;5511.1097;3527;6.3912;43;2;9
CATALUNYA;CATALUNYA;2020-07-13;2020-07-19;Si;;;267.1958;171;5520.4850;3533;5.8992;43;0;7
CATALUNYA;CATALUNYA;2020-07-13;2020-07-19;No;164.852;1.61266;66.3129;5045;705.1256;53645;9.0470;402;76;13
CATALUNYA;CATALUNYA;2020-07-13;2020-07-19;--;;;0.0000;204;0.0000;898;13.7033;39;8;0
CATALUNYA;CATALUNYA;2020-07-12;2020-07-18;--;;;0.0000;203;0.0000;904;13.9483;36;8;0
CATALUNYA;CATALUNYA;2020-07-12;2020-07-18;Si;;;254.6954;163;5434.5448;3478;5.9204;33;0;9
CATALUNYA;CATALUNYA;2020-07-12;2020-07-18;No;162.089;1.63526;64.5516;4911;693.5060;52761;8.8726;368;67;11
CATALUNYA;CATALUNYA;2020-07-11;2020-07-17;No;158.425;1.6864;61.2786;4662;661.6180;50335;8.6981;357;66;12
CATALUNYA;CATALUNYA;2020-07-11;2020-07-17;--;;;0.0000;174;0.0000;861;11.4657;31;6;0
CATALUNYA;CATALUNYA;2020-07-11;2020-07-17;Si;;;204.6938;131;5086.0964;3255;4.6277;31;0;9
CATALUNYA;CATALUNYA;2020-07-10;2020-07-16;No;148.7;1.7496;56.2707;4281;621.9091;47314;8.5564;338;55;11
CATALUNYA;CATALUNYA;2020-07-10;2020-07-16;--;;;0.0000;148;0.0000;746;9.9320;34;7;0
CATALUNYA;CATALUNYA;2020-07-10;2020-07-16;Si;;;195.3186;125;4984.5307;3190;4.4023;30;0;9
CATALUNYA;CATALUNYA;2020-07-09;2020-07-15;--;;;0.0000;112;0.0000;624;8.6039;26;5;0
CATALUNYA;CATALUNYA;2020-07-09;2020-07-15;Si;;;187.5058;120;5245.4764;3357;4.4325;23;0;10
CATALUNYA;CATALUNYA;2020-07-09;2020-07-15;No;136.344;1.80429;50.5660;3847;578.9667;44047;8.2957;311;51;10
CATALUNYA;CATALUNYA;2020-07-08;2020-07-14;No;123.461;1.82561;45.5318;3464;545.7116;41517;7.8891;318;49;12
CATALUNYA;CATALUNYA;2020-07-08;2020-07-14;--;;;0.0000;98;0.0000;541;7.6779;23;3;0
CATALUNYA;CATALUNYA;2020-07-08;2020-07-14;Si;;;135.9417;87;5062.6582;3240;3.1152;22;0;9
CATALUNYA;CATALUNYA;2020-07-07;2020-07-13;No;111.382;1.84133;41.2993;3142;528.6240;40217;7.3331;283;47;14
CATALUNYA;CATALUNYA;2020-07-07;2020-07-13;--;;;0.0000;73;0.0000;502;7.2727;20;4;0
CATALUNYA;CATALUNYA;2020-07-07;2020-07-13;Si;;;165.6301;106;4967.3427;3179;2.9878;24;1;10
CATALUNYA;CATALUNYA;2020-07-06;2020-07-12;--;;;0.0000;74;0.0000;458;8.1678;20;5;0
CATALUNYA;CATALUNYA;2020-07-06;2020-07-12;Si;;;150.0046;96;4640.7700;2970;2.8516;28;1;12
CATALUNYA;CATALUNYA;2020-07-06;2020-07-12;No;97.2298;1.83324;35.9102;2732;507.0017;38572;6.6490;260;35;12
CATALUNYA;CATALUNYA;2020-07-05;2020-07-11;--;;;0.0000;70;0.0000;446;7.7098;23;5;0
CATALUNYA;CATALUNYA;2020-07-05;2020-07-11;Si;;;140.6293;90;4384.5120;2806;2.4948;28;1;10
CATALUNYA;CATALUNYA;2020-07-05;2020-07-11;No;93.2227;1.83026;34.5694;2630;496.0262;37737;6.5392;259;35;10
CATALUNYA;CATALUNYA;2020-07-04;2020-07-10;No;86.1589;1.78801;32.6635;2485;482.3298;36695;6.3501;241;38;11
CATALUNYA;CATALUNYA;2020-07-04;2020-07-10;--;;;0.0000;61;0.0000;425;7.6190;24;5;0
CATALUNYA;CATALUNYA;2020-07-04;2020-07-10;Si;;;148.4421;95;4287.6339;2744;2.9023;29;1;9
CATALUNYA;CATALUNYA;2020-07-03;2020-07-09;--;;;0.0000;51;0.0000;374;6.5041;18;3;0
CATALUNYA;CATALUNYA;2020-07-03;2020-07-09;Si;;;132.8166;85;4003.2501;2562;2.7002;26;1;11
CATALUNYA;CATALUNYA;2020-07-03;2020-07-09;No;73.6496;1.71193;28.7202;2185;465.1371;35387;5.4373;249;33;13
CATALUNYA;CATALUNYA;2020-07-02;2020-07-08;--;;;0.0000;43;0.0000;343;6.4897;17;3;0
CATALUNYA;CATALUNYA;2020-07-02;2020-07-08;Si;;;115.6286;74;3593.8623;2300;2.3887;29;1;11
CATALUNYA;CATALUNYA;2020-07-02;2020-07-08;No;62.5975;1.63486;25.0004;1902;449.3508;34186;4.9154;230;29;14
CATALUNYA;CATALUNYA;2020-07-01;2020-07-07;No;53.7867;1.63615;22.0955;1681;437.1397;33257;4.4503;209;23;16
CATALUNYA;CATALUNYA;2020-07-01;2020-07-07;--;;;0.0000;37;0.0000;313;4.5016;17;2;0
CATALUNYA;CATALUNYA;2020-07-01;2020-07-07;Si;;;82.8150;53;3398.5437;2175;1.5698;28;1;10
CATALUNYA;CATALUNYA;2020-06-30;2020-07-06;Si;;;40.6262;26;3262.6019;2088;1.4842;26;0;10
CATALUNYA;CATALUNYA;2020-06-30;2020-07-06;No;47.8507;1.64501;19.1906;1460;428.5565;32604;3.9315;186;22;17
CATALUNYA;CATALUNYA;2020-06-30;2020-07-06;--;;;0.0000;32;0.0000;300;3.3557;17;1;0
CATALUNYA;CATALUNYA;2020-06-29;2020-07-05;--;;;0.0000;21;0.0000;270;2.6119;16;0;0
CATALUNYA;CATALUNYA;2020-06-29;2020-07-05;Si;;;37.5011;24;3114.1598;1993;1.5192;24;0;10
CATALUNYA;CATALUNYA;2020-06-29;2020-07-05;No;43.5091;1.67941;17.1270;1303;430.0550;32718;3.7149;189;19;17
CATALUNYA;CATALUNYA;2020-06-28;2020-07-04;No;41.687;1.67715;16.3646;1245;429.5160;32677;3.6167;182;15;17
CATALUNYA;CATALUNYA;2020-06-28;2020-07-04;--;;;0.0000;21;0.0000;266;2.2727;11;0;0
CATALUNYA;CATALUNYA;2020-06-28;2020-07-04;Si;;;37.5011;24;3168.8490;2028;1.4954;23;0;11
CATALUNYA;CATALUNYA;2020-06-27;2020-07-03;Si;;;25.0007;16;3198.5374;2047;0.9772;23;0;11
CATALUNYA;CATALUNYA;2020-06-27;2020-07-03;No;40.2214;1.69341;15.5234;1181;433.6171;32989;3.4295;188;13;15
CATALUNYA;CATALUNYA;2020-06-27;2020-07-03;--;;;0.0000;18;0.0000;277;1.8182;7;0;0
CATALUNYA;CATALUNYA;2020-06-26;2020-07-02;--;;;0.0000;16;0.0000;285;2.4735;5;0;0
CATALUNYA;CATALUNYA;2020-06-26;2020-07-02;Si;;;39.0637;25;3384.4807;2166;1.4706;26;0;11
CATALUNYA;CATALUNYA;2020-06-26;2020-07-02;No;35.4205;1.65423;14.3009;1088;439.0457;33402;3.0905;161;17;13
CATALUNYA;CATALUNYA;2020-06-25;2020-07-01;No;31.7483;1.60277;13.2888;1011;424.0743;32263;2.7038;167;15;14
CATALUNYA;CATALUNYA;2020-06-25;2020-07-01;--;;;0.0000;16;0.0000;309;1.9544;4;1;0
CATALUNYA;CATALUNYA;2020-06-25;2020-07-01;Si;;;35.9386;23;3189.1621;2041;1.4436;26;0;11
CATALUNYA;CATALUNYA;2020-06-24;2020-06-30;No;26.4264;1.51278;10.7783;820;375.9530;28602;2.4731;154;14;9
CATALUNYA;CATALUNYA;2020-06-24;2020-06-30;--;;;0.0000;9;0.0000;266;1.5209;3;1;0
CATALUNYA;CATALUNYA;2020-06-24;2020-06-30;Si;;;35.9386;23;2828.2133;1810;1.7241;28;0;12
CATALUNYA;CATALUNYA;2020-06-23;2020-06-29;--;;;0.0000;16;0.0000;262;2.3346;3;1;0
CATALUNYA;CATALUNYA;2020-06-23;2020-06-29;Si;;;43.7513;28;2828.2133;1810;2.1875;29;0;11
CATALUNYA;CATALUNYA;2020-06-23;2020-06-29;No;23.6323;1.45816;9.8976;753;376.0976;28613;2.2856;163;15;6
CATALUNYA;CATALUNYA;2020-06-22;2020-06-28;No;20.911;1.39429;8.7803;668;367.1332;27931;2.2631;163;19;10
CATALUNYA;CATALUNYA;2020-06-22;2020-06-28;--;;;0.0000;15;0.0000;255;2.4000;11;1;0
CATALUNYA;CATALUNYA;2020-06-22;2020-06-28;Si;;;43.7513;28;2884.4651;1846;2.1926;29;0;11
CATALUNYA;CATALUNYA;2020-06-21;2020-06-27;No;19.4429;1.3484;8.4912;646;365.2404;27787;2.1582;159;19;12
CATALUNYA;CATALUNYA;2020-06-21;2020-06-27;--;;;0.0000;15;0.0000;256;2.3904;11;1;0
CATALUNYA;CATALUNYA;2020-06-21;2020-06-27;Si;;;43.7513;28;2825.0882;1808;2.2418;29;0;11
CATALUNYA;CATALUNYA;2020-06-20;2020-06-26;--;;;0.0000;16;0.0000;243;2.5210;12;1;0
CATALUNYA;CATALUNYA;2020-06-20;2020-06-26;Si;;;43.7513;28;2820.4006;1805;2.2258;32;0;14
CATALUNYA;CATALUNYA;2020-06-20;2020-06-26;No;17.8843;1.27398;8.2283;626;363.8603;27682;2.1557;145;16;14
CATALUNYA;CATALUNYA;2020-06-19;2020-06-25;--;;;0.0000;15;0.0000;229;1.3453;14;1;0
CATALUNYA;CATALUNYA;2020-06-19;2020-06-25;Si;;;32.8135;21;2753.2110;1762;1.6849;34;0;13
CATALUNYA;CATALUNYA;2020-06-19;2020-06-25;No;15.6586;1.19847;7.1110;541;350.8737;26694;1.8872;134;12;15
CATALUNYA;CATALUNYA;2020-06-18;2020-06-24;No;14.276;1.17798;6.5195;496;368.8814;28064;1.8514;134;17;16
CATALUNYA;CATALUNYA;2020-06-18;2020-06-24;--;;;0.0000;14;0.0000;220;1.8779;14;0;0
CATALUNYA;CATALUNYA;2020-06-18;2020-06-24;Si;;;42.1888;27;3017.2817;1931;2.2551;33;0;12
CATALUNYA;CATALUNYA;2020-06-17;2020-06-23;--;;;0.0000;14;0.0000;245;1.6807;14;0;0
CATALUNYA;CATALUNYA;2020-06-17;2020-06-23;Si;;;56.2517;36;3645.4264;2333;2.4032;33;0;12
CATALUNYA;CATALUNYA;2020-06-17;2020-06-23;No;14.8084;1.14843;6.6904;509;416.8055;31710;1.6723;154;20;19
CATALUNYA;CATALUNYA;2020-06-16;2020-06-22;--;;;0.0000;10;0.0000;256;1.2000;14;0;0
CATALUNYA;CATALUNYA;2020-06-16;2020-06-22;Si;;;56.2517;36;3851.6828;2465;2.3933;35;0;13
CATALUNYA;CATALUNYA;2020-06-16;2020-06-22;No;13.8958;1.10008;6.3092;480;418.2514;31820;1.5121;151;19;19
CATALUNYA;CATALUNYA;2020-06-15;2020-06-21;No;13.3241;1.05702;6.2172;473;432.3421;32892;1.4381;137;16;21
CATALUNYA;CATALUNYA;2020-06-15;2020-06-21;--;;;0.0000;10;0.0000;288;0.7067;5;0;0
CATALUNYA;CATALUNYA;2020-06-15;2020-06-21;Si;;;57.8143;37;3929.8103;2515;2.3720;30;1;17
CATALUNYA;CATALUNYA;2020-06-14;2020-06-20;Si;;;65.6270;42;3990.7497;2554;2.6895;32;1;20
CATALUNYA;CATALUNYA;2020-06-14;2020-06-20;No;12.8442;1.02536;5.9280;451;431.8557;32855;1.3735;141;18;24
CATALUNYA;CATALUNYA;2020-06-14;2020-06-20;--;;;0.0000;9;0.0000;292;0.6969;5;0;0
CATALUNYA;CATALUNYA;2020-06-13;2020-06-19;--;;;0.0000;8;0.0000;289;0.7042;4;0;0
CATALUNYA;CATALUNYA;2020-06-13;2020-06-19;Si;;;65.6270;42;4039.1887;2585;2.6715;28;1;20
CATALUNYA;CATALUNYA;2020-06-13;2020-06-19;No;12.0612;0.950881;5.8097;442;433.0519;32946;1.2923;142;18;23
CATALUNYA;CATALUNYA;2020-06-12;2020-06-18;No;11.8613;0.859418;5.9543;453;450.5075;34274;1.2888;151;21;23
CATALUNYA;CATALUNYA;2020-06-12;2020-06-18;--;;;0.0000;6;0.0000;323;0.9434;3;0;0
CATALUNYA;CATALUNYA;2020-06-12;2020-06-18;Si;;;87.5027;56;4567.3302;2923;3.3485;26;1;20
CATALUNYA;CATALUNYA;2020-06-11;2020-06-17;Si;;;76.5648;49;4678.2711;2994;2.8016;27;1;24
CATALUNYA;CATALUNYA;2020-06-11;2020-06-17;No;11.1988;0.796999;5.5994;426;458.1049;34852;1.1967;145;20;22
CATALUNYA;CATALUNYA;2020-06-11;2020-06-17;--;;;0.0000;6;0.0000;343;0.8850;3;0;0
CATALUNYA;CATALUNYA;2020-06-10;2020-06-16;--;;;0.0000;8;0.0000;359;1.1299;5;0;0
CATALUNYA;CATALUNYA;2020-06-10;2020-06-16;Si;;;79.6899;51;4873.5897;3119;2.8825;30;2;25
CATALUNYA;CATALUNYA;2020-06-10;2020-06-16;No;11.5336;0.778583;6.2041;472;470.7760;35816;1.3600;128;18;23
CATALUNYA;CATALUNYA;2020-06-09;2020-06-15;No;11.6368;0.769835;6.3224;481;473.2471;36004;1.3643;126;18;25
CATALUNYA;CATALUNYA;2020-06-09;2020-06-15;--;;;0.0000;6;0.0000;341;0.8955;4;0;0
CATALUNYA;CATALUNYA;2020-06-09;2020-06-15;Si;;;81.2525;52;5273.6023;3375;3.1299;30;2;22
CATALUNYA;CATALUNYA;2020-06-08;2020-06-14;No;11.7698;0.789623;6.3881;486;477.6767;36341;1.3253;131;22;30
CATALUNYA;CATALUNYA;2020-06-08;2020-06-14;--;;;0.0000;5;0.0000;347;0.8824;5;0;0
CATALUNYA;CATALUNYA;2020-06-08;2020-06-14;Si;;;112.5035;72;5572.0491;3566;3.4585;37;1;20
CATALUNYA;CATALUNYA;2020-06-07;2020-06-13;--;;;0.0000;6;0.0000;351;1.1628;6;0;0
CATALUNYA;CATALUNYA;2020-06-07;2020-06-13;Si;;;118.7537;76;5682.9900;3637;3.5837;35;1;19
CATALUNYA;CATALUNYA;2020-06-07;2020-06-13;No;13.1588;0.861534;6.5984;502;484.2752;36843;1.3604;133;24;31
CATALUNYA;CATALUNYA;2020-06-06;2020-06-12;No;15.0874;0.943936;6.8744;523;496.4336;37768;1.4171;147;30;33
CATALUNYA;CATALUNYA;2020-06-06;2020-06-12;--;;;0.0000;7;0.0000;363;1.1236;6;0;0
CATALUNYA;CATALUNYA;2020-06-06;2020-06-12;Si;;;121.8788;78;5872.0585;3758;3.6715;35;1;21
CATALUNYA;CATALUNYA;2020-06-05;2020-06-11;No;16.684;0.993969;7.8471;597;510.3929;38830;1.5980;163;28;33
CATALUNYA;CATALUNYA;2020-06-05;2020-06-11;--;;;0.0000;7;0.0000;396;1.0309;7;0;0
CATALUNYA;CATALUNYA;2020-06-05;2020-06-11;Si;;;117.1911;75;6153.3172;3938;3.3784;41;1;25
CATALUNYA;CATALUNYA;2020-06-04;2020-06-10;--;;;0.0000;7;0.0000;441;0.6928;10;1;0
CATALUNYA;CATALUNYA;2020-06-04;2020-06-10;Si;;;148.4421;95;6640.8325;4250;3.4249;42;1;26
CATALUNYA;CATALUNYA;2020-06-04;2020-06-10;No;17.861;1.00804;8.4517;643;523.2874;39811;1.6815;166;29;34
CATALUNYA;CATALUNYA;2020-06-03;2020-06-09;--;;;0.0000;6;0.0000;453;0.6726;10;1;0
CATALUNYA;CATALUNYA;2020-06-03;2020-06-09;Si;;;135.9417;87;6654.8954;4259;3.2822;41;0;37
CATALUNYA;CATALUNYA;2020-06-03;2020-06-09;No;18.2138;1.00121;8.6095;655;533.4348;40583;1.6654;177;27;34
CATALUNYA;CATALUNYA;2020-06-02;2020-06-08;No;18.7861;0.980259;8.7935;669;526.2449;40036;1.7031;188;27;34
CATALUNYA;CATALUNYA;2020-06-02;2020-06-08;--;;;0.0000;7;0.0000;466;0.6522;9;2;0
CATALUNYA;CATALUNYA;2020-06-02;2020-06-08;Si;;;145.3170;93;6356.4486;4068;3.1579;42;0;44
CATALUNYA;CATALUNYA;2020-06-01;2020-06-07;--;;;0.0000;8;0.0000;425;0.9524;10;3;0
CATALUNYA;CATALUNYA;2020-06-01;2020-06-07;Si;;;121.8788;78;6097.0655;3902;2.9359;37;0;46
CATALUNYA;CATALUNYA;2020-06-01;2020-06-07;No;19.3157;0.952371;8.5175;648;501.0999;38123;1.7694;189;24;26
CATALUNYA;CATALUNYA;2020-05-31;2020-06-06;--;;;0.0000;7;0.0000;436;0.6961;10;4;0
CATALUNYA;CATALUNYA;2020-05-31;2020-06-06;Si;;;112.5035;72;6442.3888;4123;2.4655;39;1;55
CATALUNYA;CATALUNYA;2020-05-31;2020-06-06;No;18.6396;0.87752;8.6752;660;512.9034;39021;1.7583;194;23;26
CATALUNYA;CATALUNYA;2020-05-30;2020-06-05;No;17.0624;0.793448;9.1089;693;530.2802;40343;1.7882;186;21;25
CATALUNYA;CATALUNYA;2020-05-30;2020-06-05;--;;;0.0000;7;0.0000;499;0.8097;12;4;0
CATALUNYA;CATALUNYA;2020-05-30;2020-06-05;Si;;;135.9417;87;7137.7230;4568;2.6240;40;1;57
CATALUNYA;CATALUNYA;2020-05-29;2020-06-04;Si;;;168.7552;108;7426.7945;4753;3.1654;37;1;62
CATALUNYA;CATALUNYA;2020-05-29;2020-06-04;No;16.598;0.755237;8.9381;680;532.4621;40509;1.7101;179;24;31
CATALUNYA;CATALUNYA;2020-05-29;2020-06-04;--;;;0.0000;9;0.0000;490;1.2346;10;4;0
CATALUNYA;CATALUNYA;2020-05-28;2020-06-03;--;;;0.0000;14;0.0000;562;2.1661;8;3;0
CATALUNYA;CATALUNYA;2020-05-28;2020-06-03;Si;;;173.4429;111;8006.5002;5124;3.4373;45;2;64
CATALUNYA;CATALUNYA;2020-05-28;2020-06-03;No;17.7519;0.753227;9.2667;705;547.2889;41637;1.7087;183;21;36
CATALUNYA;CATALUNYA;2020-05-27;2020-06-02;No;18.5291;0.777105;9.5821;729;546.0796;41545;1.7395;180;23;41
CATALUNYA;CATALUNYA;2020-05-27;2020-06-02;--;;;0.0000;16;0.0000;655;2.0093;8;4;0
CATALUNYA;CATALUNYA;2020-05-27;2020-06-02;Si;;;187.5058;120;8233.0697;5269;3.5109;41;2;59
CATALUNYA;CATALUNYA;2020-05-26;2020-06-01;Si;;;204.6938;131;9298.7280;5951;3.5140;40;3;60
CATALUNYA;CATALUNYA;2020-05-26;2020-06-01;No;20.666;0.814633;10.3708;789;569.5553;43331;1.8299;178;28;48
CATALUNYA;CATALUNYA;2020-05-26;2020-06-01;--;;;0.0000;15;0.0000;725;1.8207;10;3;0
CATALUNYA;CATALUNYA;2020-05-25;2020-05-31;--;;;0.0000;14;0.0000;800;1.5248;11;2;0
CATALUNYA;CATALUNYA;2020-05-25;2020-05-31;Si;;;260.9456;167;10447.2014;6686;3.7064;43;4;65
CATALUNYA;CATALUNYA;2020-05-25;2020-05-31;No;22.889;0.846557;11.7641;895;611.1307;46494;1.9326;183;34;53
CATALUNYA;CATALUNYA;2020-05-24;2020-05-30;No;23.6367;0.872934;12.5659;956;618.6493;47066;2.0540;186;32;56
CATALUNYA;CATALUNYA;2020-05-24;2020-05-30;--;;;0.0000;17;0.0000;860;1.7794;10;1;0
CATALUNYA;CATALUNYA;2020-05-24;2020-05-30;Si;;;282.8213;181;10931.5916;6996;3.8699;52;3;63
CATALUNYA;CATALUNYA;2020-05-23;2020-05-29;No;25.4249;0.933988;12.3950;943;617.0457;46944;2.0007;185;28;66
CATALUNYA;CATALUNYA;2020-05-23;2020-05-29;--;;;0.0000;16;0.0000;879;1.6260;8;1;0
CATALUNYA;CATALUNYA;2020-05-23;2020-05-29;Si;;;293.7591;188;11694.1154;7484;3.6943;57;3;72
CATALUNYA;CATALUNYA;2020-05-22;2020-05-28;--;;;0.0000;16;0.0000;906;1.4656;12;1;0
CATALUNYA;CATALUNYA;2020-05-22;2020-05-28;Si;;;312.5097;200;12733.2104;8149;3.5842;63;3;72
CATALUNYA;CATALUNYA;2020-05-22;2020-05-28;No;28.3945;1.03558;13.0391;992;617.7160;46995;2.1091;178;29;69
CATALUNYA;CATALUNYA;2020-05-21;2020-05-27;No;30.751;1.12584;14.3009;1088;622.5794;47365;2.3479;203;33;77
CATALUNYA;CATALUNYA;2020-05-21;2020-05-27;--;;;0.0000;11;0.0000;851;0.8383;15;1;0
CATALUNYA;CATALUNYA;2020-05-21;2020-05-27;Si;;;331.2603;212;13881.6838;8884;3.5592;63;2;76
CATALUNYA;CATALUNYA;2020-05-20;2020-05-26;No;32.4273;1.18493;14.2615;1085;627.1668;47714;2.2924;217;35;85
CATALUNYA;CATALUNYA;2020-05-20;2020-05-26;--;;;0.0000;8;0.0000;788;0.7782;13;0;0
CATALUNYA;CATALUNYA;2020-05-20;2020-05-26;Si;;;414.0754;265;15233.2885;9749;4.0554;66;2;82
CATALUNYA;CATALUNYA;2020-05-19;2020-05-25;--;;;0.0000;12;0.0000;717;1.2784;13;0;0
CATALUNYA;CATALUNYA;2020-05-19;2020-05-25;Si;;;412.5128;264;15773.9304;10095;3.7320;72;2;84
CATALUNYA;CATALUNYA;2020-05-19;2020-05-25;No;33.6674;1.2273;14.9976;1141;636.4861;48423;2.4160;228;29;96
CATALUNYA;CATALUNYA;2020-05-18;2020-05-24;--;;;0.0000;15;0.0000;670;1.6717;10;0;1
CATALUNYA;CATALUNYA;2020-05-18;2020-05-24;Si;;;367.1989;235;16109.8784;10310;3.3819;73;2;75
CATALUNYA;CATALUNYA;2020-05-18;2020-05-24;No;33.9747;1.23436;15.2736;1162;642.3747;48871;2.4195;236;29;101
CATALUNYA;CATALUNYA;2020-05-17;2020-05-23;No;33.0142;1.22521;14.5113;1104;629.4013;47884;2.3425;230;31;108
CATALUNYA;CATALUNYA;2020-05-17;2020-05-23;--;;;0.0000;12;0.0000;592;1.3699;11;0;1
CATALUNYA;CATALUNYA;2020-05-17;2020-05-23;Si;;;351.5734;225;16219.2568;10380;3.1573;69;2;75
CATALUNYA;CATALUNYA;2020-05-16;2020-05-22;--;;;0.0000;12;0.0000;503;1.6129;15;0;1
CATALUNYA;CATALUNYA;2020-05-16;2020-05-22;Si;;;345.3232;221;15698.9280;10047;3.2312;66;2;72
CATALUNYA;CATALUNYA;2020-05-16;2020-05-22;No;32.0878;1.17989;14.8267;1128;633.0686;48163;2.4262;234;33;109
CATALUNYA;CATALUNYA;2020-05-15;2020-05-21;--;;;0.0000;10;0.0000;416;1.4599;14;0;1
CATALUNYA;CATALUNYA;2020-05-15;2020-05-21;Si;;;339.0730;217;14627.0195;9361;3.3953;68;2;84
CATALUNYA;CATALUNYA;2020-05-15;2020-05-21;No;29.8722;1.13123;14.3798;1094;613.9042;46705;2.4048;256;33;116
CATALUNYA;CATALUNYA;2020-05-14;2020-05-20;No;27.2794;1.10451;13.0128;990;600.7862;45707;2.1508;248;31;113
CATALUNYA;CATALUNYA;2020-05-14;2020-05-20;--;;;0.0000;12;0.0000;332;2.1341;13;0;1
CATALUNYA;CATALUNYA;2020-05-14;2020-05-20;Si;;;362.5113;232;13753.5547;8802;3.5691;76;2;87
CATALUNYA;CATALUNYA;2020-05-13;2020-05-19;Si;;;321.8850;206;13751.9922;8801;3.2051;77;2;91
CATALUNYA;CATALUNYA;2020-05-13;2020-05-19;No;27.4647;1.10379;13.1048;997;586.8007;44643;2.2177;264;34;113
CATALUNYA;CATALUNYA;2020-05-13;2020-05-19;--;;;0.0000;13;0.0000;311;1.9608;14;0;1
CATALUNYA;CATALUNYA;2020-05-12;2020-05-18;--;;;0.0000;8;0.0000;306;1.0000;15;0;2
CATALUNYA;CATALUNYA;2020-05-12;2020-05-18;Si;;;354.6985;227;13448.8577;8607;3.5903;76;1;100
CATALUNYA;CATALUNYA;2020-05-12;2020-05-18;No;26.3947;1.09731;12.4345;946;557.6203;42423;2.1007;280;42;114
CATALUNYA;CATALUNYA;2020-05-11;2020-05-17;No;25.938;1.10242;12.2504;932;535.7614;40760;2.1251;299;39;122
CATALUNYA;CATALUNYA;2020-05-11;2020-05-17;--;;;0.0000;9;0.0000;301;0.6757;17;0;1
CATALUNYA;CATALUNYA;2020-05-11;2020-05-17;Si;;;375.0117;240;13392.6060;8571;3.9290;84;0;133
CATALUNYA;CATALUNYA;2020-05-10;2020-05-16;Si;;;401.5750;257;12797.2749;8190;4.4512;87;0;150
CATALUNYA;CATALUNYA;2020-05-10;2020-05-16;No;26.2041;1.10877;12.4345;946;529.7939;40306;2.1380;315;41;129
CATALUNYA;CATALUNYA;2020-05-10;2020-05-16;--;;;0.0000;9;0.0000;308;0.6623;16;0;1
CATALUNYA;CATALUNYA;2020-05-09;2020-05-15;--;;;0.0000;10;0.0000;336;0.9119;12;0;1
CATALUNYA;CATALUNYA;2020-05-09;2020-05-15;Si;;;460.9519;295;12806.6502;8196;5.0019;92;0;166
CATALUNYA;CATALUNYA;2020-05-09;2020-05-15;No;25.9205;1.09799;12.3687;941;512.5617;38995;2.1167;340;45;126
CATALUNYA;CATALUNYA;2020-05-08;2020-05-14;No;25.0834;1.07936;12.0270;915;497.4983;37849;2.0345;351;50;133
CATALUNYA;CATALUNYA;2020-05-08;2020-05-14;--;;;0.0000;12;0.0000;351;0.8721;12;0;2
CATALUNYA;CATALUNYA;2020-05-08;2020-05-14;Si;;;475.0148;304;13142.5982;8411;4.8549;95;1;169
CATALUNYA;CATALUNYA;2020-05-07;2020-05-13;No;24.868;1.02432;11.6852;889;478.2945;36388;2.0876;360;52;155
CATALUNYA;CATALUNYA;2020-05-07;2020-05-13;--;;;0.0000;12;0.0000;414;0.9804;11;1;2
CATALUNYA;CATALUNYA;2020-05-07;2020-05-13;Si;;;467.2021;299;13145.7233;8413;4.6634;91;1;201
CATALUNYA;CATALUNYA;2020-05-06;2020-05-12;--;;;0.0000;16;0.0000;426;1.6548;13;2;2
CATALUNYA;CATALUNYA;2020-05-06;2020-05-12;Si;;;534.3916;342;13633.2385;8725;4.7214;97;1;232
CATALUNYA;CATALUNYA;2020-05-06;2020-05-12;No;24.7565;0.953158;11.7772;896;482.4218;36702;2.0401;375;48;170
CATALUNYA;CATALUNYA;2020-05-05;2020-05-11;No;23.9164;0.880701;11.6195;884;477.1378;36300;2.0130;398;45;190
CATALUNYA;CATALUNYA;2020-05-05;2020-05-11;--;;;0.0000;17;0.0000;439;1.8433;14;3;2
CATALUNYA;CATALUNYA;2020-05-05;2020-05-11;Si;;;573.4554;367;13989.4996;8953;4.6438;104;1;260
CATALUNYA;CATALUNYA;2020-05-04;2020-05-10;No;23.3979;0.832592;11.2778;858;476.4937;36251;2.0024;401;43;202
CATALUNYA;CATALUNYA;2020-05-04;2020-05-10;--;;;0.0000;21;0.0000;479;2.3355;14;4;2
CATALUNYA;CATALUNYA;2020-05-04;2020-05-10;Si;;;637.5199;408;14628.5821;9362;4.6418;110;2;277
CATALUNYA;CATALUNYA;2020-05-03;2020-05-09;--;;;0.0000;23;0.0000;487;2.7083;17;4;2
CATALUNYA;CATALUNYA;2020-05-03;2020-05-09;Si;;;628.1446;402;15500.4843;9920;4.2017;110;3;301
CATALUNYA;CATALUNYA;2020-05-03;2020-05-09;No;22.6593;0.782873;11.1989;852;483.2236;36763;1.9971;401;42;216
CATALUNYA;CATALUNYA;2020-05-02;2020-05-08;--;;;0.0000;22;0.0000;495;2.4590;20;4;3
CATALUNYA;CATALUNYA;2020-05-02;2020-05-08;Si;;;634.3948;406;15475.4836;9904;3.9026;118;3;329
CATALUNYA;CATALUNYA;2020-05-02;2020-05-08;No;22.2407;0.7405;11.2383;855;482.1195;36679;2.0305;390;40;240
CATALUNYA;CATALUNYA;2020-05-01;2020-05-07;No;22.4271;0.669107;11.2120;853;465.6103;35423;2.1623;378;31;239
CATALUNYA;CATALUNYA;2020-05-01;2020-05-07;--;;;0.0000;22;0.0000;596;2.3891;28;6;4
CATALUNYA;CATALUNYA;2020-05-01;2020-05-07;Si;;;664.0832;425;16066.1270;10282;3.6196;115;2;367
CATALUNYA;CATALUNYA;2020-04-30;2020-05-06;--;;;0.0000;26;0.0000;659;2.1638;26;5;4
CATALUNYA;CATALUNYA;2020-04-30;2020-05-06;Si;;;760.9612;487;17722.4288;11342;3.7822;99;2;376
CATALUNYA;CATALUNYA;2020-04-30;2020-05-06;No;23.8581;0.651505;12.5922;958;486.6411;37023;2.3440;330;23;243
CATALUNYA;CATALUNYA;2020-04-29;2020-05-05;--;;;0.0000;28;0.0000;686;2.1021;23;4;4
CATALUNYA;CATALUNYA;2020-04-29;2020-05-05;Si;;;912.5285;584;18281.8213;11700;3.6917;87;2;393
CATALUNYA;CATALUNYA;2020-04-29;2020-05-05;No;26.057;0.637012;14.1958;1080;489.0728;37208;2.6209;259;19;251
CATALUNYA;CATALUNYA;2020-04-28;2020-05-04;No;28.3901;0.639774;15.5365;1182;507.4223;38604;2.9116;178;12;259
CATALUNYA;CATALUNYA;2020-04-28;2020-05-04;--;;;0.0000;39;0.0000;783;2.8796;19;3;3
CATALUNYA;CATALUNYA;2020-04-28;2020-05-04;Si;;;1084.4088;694;19555.2986;12515;4.5023;68;2;424
CATALUNYA;CATALUNYA;2020-04-27;2020-05-03;Si;;;1096.9092;702;20364.6988;13033;4.2462;47;1;448
CATALUNYA;CATALUNYA;2020-04-27;2020-05-03;No;31.3489;0.640436;16.8246;1280;505.0694;38425;3.1267;118;9;265
CATALUNYA;CATALUNYA;2020-04-27;2020-05-03;--;;;0.0000;43;0.0000;756;3.7889;17;2;3
CATALUNYA;CATALUNYA;2020-04-26;2020-05-02;--;;;0.0000;44;0.0000;759;3.9295;14;2;3
CATALUNYA;CATALUNYA;2020-04-26;2020-05-02;Si;;;1248.4765;799;21014.7192;13449;4.9007;35;0;468
CATALUNYA;CATALUNYA;2020-04-26;2020-05-02;No;33.8025;0.666229;17.7447;1350;519.7911;39545;3.2390;83;5;285
CATALUNYA;CATALUNYA;2020-04-25;2020-05-01;No;36.5291;0.688062;18.7963;1430;530.9506;40394;3.4418;46;1;304
CATALUNYA;CATALUNYA;2020-04-25;2020-05-01;--;;;0.0000;49;0.0000;738;4.4630;11;2;2
CATALUNYA;CATALUNYA;2020-04-25;2020-05-01;Si;;;1364.1051;873;22041.3137;14106;5.4508;16;0;490
CATALUNYA;CATALUNYA;2020-04-24;2020-04-30;Si;;;1609.4252;1030;23905.4345;15299;6.5698;0;0;514
CATALUNYA;CATALUNYA;2020-04-24;2020-04-30;No;42.9579;0.733105;22.3058;1697;555.3727;42252;3.9755;0;0;341
CATALUNYA;CATALUNYA;2020-04-24;2020-04-30;--;;;0.0000;58;0.0000;629;6.4356;0;0;0
CATALUNYA;CATALUNYA;2020-04-23;2020-04-29;--;;;0.0000;53;0.0000;530;7.5397;0;0;1
CATALUNYA;CATALUNYA;2020-04-23;2020-04-29;Si;;;1920.3725;1229;23278.8524;14898;8.1169;0;0;537
CATALUNYA;CATALUNYA;2020-04-23;2020-04-29;No;46.8991;0.750688;24.0277;1828;540.6642;41133;4.5630;0;0;357
CATALUNYA;CATALUNYA;2020-04-22;2020-04-28;No;51.8715;0.781913;26.7092;2032;538.2456;40949;5.3115;0;0;374
CATALUNYA;CATALUNYA;2020-04-22;2020-04-28;--;;;0.0000;56;0.0000;484;9.4828;0;0;4
CATALUNYA;CATALUNYA;2020-04-22;2020-04-28;Si;;;2243.8201;1436;24538.2668;15704;10.5154;0;0;561
CATALUNYA;CATALUNYA;2020-04-21;2020-04-27;No;57.1881;0.801546;28.8385;2194;519.5676;39528;6.0265;0;0;397
CATALUNYA;CATALUNYA;2020-04-21;2020-04-27;--;;;0.0000;51;0.0000;382;11.0497;0;0;4
CATALUNYA;CATALUNYA;2020-04-21;2020-04-27;Si;;;2661.0206;1703;25717.9911;16459;11.9559;0;0;607
CATALUNYA;CATALUNYA;2020-04-20;2020-04-26;--;;;0.0000;43;0.0000;348;10.1538;0;0;4
CATALUNYA;CATALUNYA;2020-04-20;2020-04-26;Si;;;3098.5343;1983;25689.8653;16441;14.2373;0;0;645
CATALUNYA;CATALUNYA;2020-04-20;2020-04-26;No;61.3789;0.827801;32.1246;2444;517.2805;39354;6.8438;0;0;435
CATALUNYA;CATALUNYA;2020-04-19;2020-04-25;No;64.4818;0.839153;32.9921;2510;502.1120;38200;7.3556;0;0;449
CATALUNYA;CATALUNYA;2020-04-19;2020-04-25;--;;;0.0000;41;0.0000;335;9.4937;0;0;4
CATALUNYA;CATALUNYA;2020-04-19;2020-04-25;Si;;;3265.7270;2090;25827.3696;16529;15.0576;0;0;706
CATALUNYA;CATALUNYA;2020-04-18;2020-04-24;No;68.8662;0.861435;34.2934;2609;490.2953;37301;7.8407;0;0;462
CATALUNYA;CATALUNYA;2020-04-18;2020-04-24;--;;;0.0000;41;0.0000;325;9.5082;0;0;5
CATALUNYA;CATALUNYA;2020-04-18;2020-04-24;Si;;;3665.7395;2346;26928.9665;17234;16.2197;0;0;765
CATALUNYA;CATALUNYA;2020-04-17;2020-04-23;--;;;0.0000;40;0.0000;309;8.1911;0;0;7
CATALUNYA;CATALUNYA;2020-04-17;2020-04-23;Si;;;4839.2137;3097;26568.0177;17003;19.5645;0;0;831
CATALUNYA;CATALUNYA;2020-04-17;2020-04-23;No;71.2676;0.867927;36.2913;2761;471.0126;35834;8.6879;0;0;495
CATALUNYA;CATALUNYA;2020-04-16;2020-04-22;--;;;0.0000;43;0.0000;284;9.9265;0;0;8
CATALUNYA;CATALUNYA;2020-04-16;2020-04-22;Si;;;5393.9185;3452;26799.2749;17151;21.3228;0;0;908
CATALUNYA;CATALUNYA;2020-04-16;2020-04-22;No;76.7915;0.875365;38.4470;2925;453.8330;34527;9.6446;0;0;524
CATALUNYA;CATALUNYA;2020-04-15;2020-04-21;No;79.4232;0.864931;39.6300;3015;429.0560;32642;10.5834;0;0;556
CATALUNYA;CATALUNYA;2020-04-15;2020-04-21;--;;;0.0000;41;0.0000;292;7.8853;0;0;8
CATALUNYA;CATALUNYA;2020-04-15;2020-04-21;Si;;;5922.0600;3790;25157.0361;16100;23.6775;0;0;983
CATALUNYA;CATALUNYA;2020-04-14;2020-04-20;--;;;0.0000;41;0.0000;278;7.5188;0;0;8
CATALUNYA;CATALUNYA;2020-04-14;2020-04-20;Si;;;6108.0033;3909;22316.3223;14282;26.8067;0;0;1023
CATALUNYA;CATALUNYA;2020-04-14;2020-04-20;No;82.9777;0.859707;42.5086;3234;412.7571;31402;11.7267;0;0;589
CATALUNYA;CATALUNYA;2020-04-13;2020-04-19;--;;;0.0000;41;0.0000;262;7.9365;0;0;8
CATALUNYA;CATALUNYA;2020-04-13;2020-04-19;Si;;;6011.1253;3847;20153.7548;12898;27.9937;0;0;1083
CATALUNYA;CATALUNYA;2020-04-13;2020-04-19;No;87.4337;0.842752;42.0223;3197;384.2865;29236;12.3550;0;0;597
CATALUNYA;CATALUNYA;2020-04-12;2020-04-18;No;88.0228;0.824102;43.8493;3336;380.7507;28967;12.9674;0;0;624
CATALUNYA;CATALUNYA;2020-04-12;2020-04-18;--;;;0.0000;43;0.0000;258;8.0972;0;0;9
CATALUNYA;CATALUNYA;2020-04-12;2020-04-18;Si;;;5961.1237;3815;19170.9115;12269;29.2696;0;0;1156
CATALUNYA;CATALUNYA;2020-04-11;2020-04-17;Si;;;5959.5612;3814;17577.1117;11249;31.9182;0;0;1216
CATALUNYA;CATALUNYA;2020-04-11;2020-04-17;No;87.1123;0.790763;45.6501;3473;372.9956;28377;13.8193;0;0;674
CATALUNYA;CATALUNYA;2020-04-11;2020-04-17;--;;;0.0000;41;0.0000;293;6.8592;0;0;11
CATALUNYA;CATALUNYA;2020-04-10;2020-04-16;--;;;0.0000;36;0.0000;267;7.9365;0;0;9
CATALUNYA;CATALUNYA;2020-04-10;2020-04-16;Si;;;5247.0389;3358;15169.2240;9708;33.1248;0;0;1254
CATALUNYA;CATALUNYA;2020-04-10;2020-04-16;No;89.1365;0.771839;45.8210;3486;348.4946;26513;14.8416;0;0;707
CATALUNYA;CATALUNYA;2020-04-09;2020-04-15;No;93.5731;0.764078;49.2779;3749;347.3248;26424;15.9615;0;0;781
CATALUNYA;CATALUNYA;2020-04-09;2020-04-15;--;;;0.0000;52;0.0000;281;11.0266;0;0;8
CATALUNYA;CATALUNYA;2020-04-09;2020-04-15;Si;;;5087.6589;3256;13984.8120;8950;34.3131;0;0;1302
CATALUNYA;CATALUNYA;2020-04-08;2020-04-14;Si;;;4739.2106;3033;12451.9516;7969;35.3006;0;0;1338
CATALUNYA;CATALUNYA;2020-04-08;2020-04-14;No;99.7647;0.774644;52.1959;3971;347.4825;26436;17.0398;0;0;834
CATALUNYA;CATALUNYA;2020-04-08;2020-04-14;--;;;0.0000;51;0.0000;274;11.3725;0;0;6
CATALUNYA;CATALUNYA;2020-04-07;2020-04-13;--;;;0.0000;55;0.0000;257;14.2857;0;0;7
CATALUNYA;CATALUNYA;2020-04-07;2020-04-13;Si;;;4479.8274;2867;11470.6709;7341;35.8936;0;0;1394
CATALUNYA;CATALUNYA;2020-04-07;2020-04-13;No;106.779;0.78527;54.0099;4109;348.6655;26526;18.0770;0;0;873
CATALUNYA;CATALUNYA;2020-04-06;2020-04-12;No;120.153;0.793288;61.7256;4696;363.0322;27619;19.5691;0;0;950
CATALUNYA;CATALUNYA;2020-04-06;2020-04-12;--;;;0.0000;63;0.0000;283;14.8289;0;0;8
CATALUNYA;CATALUNYA;2020-04-06;2020-04-12;Si;;;4600.1437;2944;11170.6615;7149;38.0297;0;0;1408
CATALUNYA;CATALUNYA;2020-04-05;2020-04-11;No;123.703;0.785966;62.9611;4790;361.6652;27515;20.2600;0;0;999
CATALUNYA;CATALUNYA;2020-04-05;2020-04-11;--;;;0.0000;67;0.0000;293;16.8498;0;0;9
CATALUNYA;CATALUNYA;2020-04-05;2020-04-11;Si;;;4520.4537;2893;10408.1377;6661;39.7189;0;0;1400
CATALUNYA;CATALUNYA;2020-04-04;2020-04-10;--;;;0.0000;72;0.0000;266;20.3187;0;0;9
CATALUNYA;CATALUNYA;2020-04-04;2020-04-10;Si;;;4253.2579;2722;9383.1057;6005;41.5056;0;0;1387
CATALUNYA;CATALUNYA;2020-04-04;2020-04-10;No;126.276;0.769289;64.5121;4908;362.0858;27547;21.2920;0;0;1047
CATALUNYA;CATALUNYA;2020-04-03;2020-04-09;No;131.384;0.751146;69.6647;5300;375.9530;28602;22.5145;0;0;1106
CATALUNYA;CATALUNYA;2020-04-03;2020-04-09;--;;;0.0000;78;0.0000;339;17.9245;0;0;10
CATALUNYA;CATALUNYA;2020-04-03;2020-04-09;Si;;;4097.0030;2622;8945.5920;5725;43.6170;0;0;1394
CATALUNYA;CATALUNYA;2020-04-02;2020-04-08;No;137.144;0.73951;73.1874;5568;369.8672;28139;24.1055;0;0;1155
CATALUNYA;CATALUNYA;2020-04-02;2020-04-08;--;;;0.0000;65;0.0000;337;16.0256;0;0;11
CATALUNYA;CATALUNYA;2020-04-02;2020-04-08;Si;;;3700.1156;2368;7676.8024;4913;46.8149;0;0;1374
CATALUNYA;CATALUNYA;2020-04-01;2020-04-07;--;;;0.0000;73;0.0000;344;18.1818;0;0;11
CATALUNYA;CATALUNYA;2020-04-01;2020-04-07;Si;;;3454.7954;2211;7020.5318;4493;49.1081;0;0;1329
CATALUNYA;CATALUNYA;2020-04-01;2020-04-07;No;144.888;0.737564;76.5918;5827;361.7178;27519;25.6700;0;0;1213
CATALUNYA;CATALUNYA;2020-03-31;2020-04-06;--;;;0.0000;79;0.0000;361;19.6429;0;0;10
CATALUNYA;CATALUNYA;2020-03-31;2020-04-06;Si;;;3265.7270;2090;6529.8915;4179;50.7100;0;0;1252
CATALUNYA;CATALUNYA;2020-03-31;2020-04-06;No;155.444;0.743772;81.9678;6236;357.6825;27212;28.0624;0;0;1323
CATALUNYA;CATALUNYA;2020-03-30;2020-04-05;No;169.03;0.756848;89.7360;6827;365.9239;27839;29.4419;0;0;1420
CATALUNYA;CATALUNYA;2020-03-30;2020-04-05;--;;;0.0000;78;0.0000;325;21.4521;0;0;11
CATALUNYA;CATALUNYA;2020-03-30;2020-04-05;Si;;;3161.0362;2023;6575.2054;4208;49.6214;0;0;1218
CATALUNYA;CATALUNYA;2020-03-29;2020-04-04;--;;;0.0000;80;0.0000;326;21.3115;0;0;10
CATALUNYA;CATALUNYA;2020-03-29;2020-04-04;Si;;;3289.1652;2105;6787.7121;4344;50.2982;0;0;1146
CATALUNYA;CATALUNYA;2020-03-29;2020-04-04;No;177.52;0.774041;94.4286;7184;376.4131;28637;30.6475;0;0;1497
CATALUNYA;CATALUNYA;2020-03-28;2020-04-03;--;;;0.0000;82;0.0000;311;23.2877;0;0;8
CATALUNYA;CATALUNYA;2020-03-28;2020-04-03;Si;;;3287.6027;2104;6761.1487;4327;50.3014;0;0;1063
CATALUNYA;CATALUNYA;2020-03-28;2020-04-03;No;189.33;0.805142;99.6337;7580;383.7213;29193;32.3466;0;0;1564
CATALUNYA;CATALUNYA;2020-03-27;2020-04-02;No;208.24;0.858817;105.2463;8007;374.2837;28475;34.5952;0;0;1612
CATALUNYA;CATALUNYA;2020-03-27;2020-04-02;--;;;0.0000;84;0.0000;244;29.6943;0;0;8
CATALUNYA;CATALUNYA;2020-03-27;2020-04-02;Si;;;2989.1559;1913;6028.3133;3858;51.1261;0;0;967
CATALUNYA;CATALUNYA;2020-03-26;2020-04-01;Si;;;2895.4029;1853;5693.9279;3644;51.4444;0;0;867
CATALUNYA;CATALUNYA;2020-03-26;2020-04-01;No;227.333;0.921919;112.2654;8541;368.6054;28043;37.2933;0;0;1628
CATALUNYA;CATALUNYA;2020-03-26;2020-04-01;--;;;0.0000;88;0.0000;209;36.0000;0;0;8
CATALUNYA;CATALUNYA;2020-03-25;2020-03-31;--;;;0.0000;89;0.0000;170;45.3988;0;0;9
CATALUNYA;CATALUNYA;2020-03-25;2020-03-31;Si;;;2643.8326;1692;5137.6605;3288;52.3793;0;0;769
CATALUNYA;CATALUNYA;2020-03-25;2020-03-31;No;247.274;0.990222;119.8496;9118;365.1090;27777;39.3584;0;0;1638
CATALUNYA;CATALUNYA;2020-03-24;2020-03-30;No;265.346;1.0685;127.0264;9664;358.2871;27258;40.9668;0;0;1564
CATALUNYA;CATALUNYA;2020-03-24;2020-03-30;--;;;0.0000;83;0.0000;169;42.9448;0;0;9
CATALUNYA;CATALUNYA;2020-03-24;2020-03-30;Si;;;2509.4534;1606;4847.0264;3102;52.3843;0;0;679
CATALUNYA;CATALUNYA;2020-03-23;2020-03-29;Si;;;2279.7587;1459;4211.0690;2695;54.2799;0;0;581
CATALUNYA;CATALUNYA;2020-03-23;2020-03-29;No;277.186;1.13804;133.5986;10164;342.0933;26026;42.2538;0;0;1455
CATALUNYA;CATALUNYA;2020-03-23;2020-03-29;--;;;0.0000;86;0.0000;174;44.6429;0;0;8
CATALUNYA;CATALUNYA;2020-03-22;2020-03-28;--;;;0.0000;88;0.0000;173;46.3855;0;0;7
CATALUNYA;CATALUNYA;2020-03-22;2020-03-28;Si;;;2059.4393;1318;3643.8638;2332;53.9134;0;0;497
CATALUNYA;CATALUNYA;2020-03-22;2020-03-28;No;290.96;1.21692;134.9130;10264;334.5748;25454;42.6594;0;0;1345
CATALUNYA;CATALUNYA;2020-03-21;2020-03-27;No;310.851;1.34263;135.5176;10310;325.0320;24728;42.9489;0;0;1205
CATALUNYA;CATALUNYA;2020-03-21;2020-03-27;--;;;0.0000;88;0.0000;183;43.7500;0;0;6
CATALUNYA;CATALUNYA;2020-03-21;2020-03-27;Si;;;1853.1829;1186;3064.1582;1961;54.3478;0;0;425
CATALUNYA;CATALUNYA;2020-03-20;2020-03-26;No;351.512;1.59524;137.2264;10440;316.2648;24061;43.2055;0;0;1056
CATALUNYA;CATALUNYA;2020-03-20;2020-03-26;--;;;0.0000;74;0.0000;169;40.2439;0;0;5
CATALUNYA;CATALUNYA;2020-03-20;2020-03-26;Si;;;1665.6770;1066;2745.3982;1757;52.6502;0;0;346
CATALUNYA;CATALUNYA;2020-03-19;2020-03-25;--;;;0.0000;68;0.0000;165;38.2716;0;0;3
CATALUNYA;CATALUNYA;2020-03-19;2020-03-25;Si;;;1442.2325;923;2467.2646;1579;51.1126;0;0;290
CATALUNYA;CATALUNYA;2020-03-19;2020-03-25;No;376.139;1.84098;134.3215;10219;305.2762;23225;42.1506;0;0;893
CATALUNYA;CATALUNYA;2020-03-18;2020-03-24;No;395.109;2.12855;129.8656;9880;289.6476;22036;40.9721;0;0;746
CATALUNYA;CATALUNYA;2020-03-18;2020-03-24;--;;;0.0000;61;0.0000;154;36.6013;0;0;1
CATALUNYA;CATALUNYA;2020-03-18;2020-03-24;Si;;;1257.8518;805;2218.8193;1420;48.1805;0;0;251
CATALUNYA;CATALUNYA;2020-03-17;2020-03-23;No;413.579;2.50614;121.3086;9229;269.2477;20484;38.9441;0;0;603
CATALUNYA;CATALUNYA;2020-03-17;2020-03-23;--;;;0.0000;53;0.0000;111;42.7273;0;0;1
CATALUNYA;CATALUNYA;2020-03-17;2020-03-23;Si;;;1046.9077;670;1884.4338;1206;46.6610;0;0;219
CATALUNYA;CATALUNYA;2020-03-16;2020-03-22;--;;;0.0000;42;0.0000;97;38.5417;0;0;0
CATALUNYA;CATALUNYA;2020-03-16;2020-03-22;Si;;;859.4018;550;1637.5511;1048;45.6158;0;0;182
CATALUNYA;CATALUNYA;2020-03-16;2020-03-22;No;413.903;2.99897;109.9651;8366;252.3178;19196;37.3576;0;0;480
CATALUNYA;CATALUNYA;2020-03-15;2020-03-21;--;;;0.0000;34;0.0000;91;34.0659;0;0;0
CATALUNYA;CATALUNYA;2020-03-15;2020-03-21;Si;;;792.2122;507;1564.1113;1001;44.7639;0;0;158
CATALUNYA;CATALUNYA;2020-03-15;2020-03-21;No;448.134;3.54144;104.1816;7926;242.4990;18449;35.8709;0;0;395
CATALUNYA;CATALUNYA;2020-03-14;2020-03-20;No;454.748;3.9913;96.0059;7304;229.0656;17427;33.0696;0;0;332
CATALUNYA;CATALUNYA;2020-03-14;2020-03-20;--;;;0.0000;27;0.0000;77;32.4675;0;0;0
CATALUNYA;CATALUNYA;2020-03-14;2020-03-20;Si;;;665.6458;426;1312.5410;840;42.7879;0;0;144
CATALUNYA;CATALUNYA;2020-03-13;2020-03-19;--;;;0.0000;29;0.0000;79;32.9114;0;0;0
CATALUNYA;CATALUNYA;2020-03-13;2020-03-19;Si;;;509.3909;326;1110.9722;711;39.6280;0;0;131
CATALUNYA;CATALUNYA;2020-03-13;2020-03-19;No;400.904;4.25862;83.1245;6324;208.6262;15872;29.5419;0;0;266
CATALUNYA;CATALUNYA;2020-03-12;2020-03-18;--;;;0.0000;23;0.0000;63;31.7460;0;0;0
CATALUNYA;CATALUNYA;2020-03-12;2020-03-18;Si;;;360.9487;231;879.7149;563;36.4791;0;0;108
CATALUNYA;CATALUNYA;2020-03-12;2020-03-18;No;348.203;4.54387;69.9933;5325;178.0394;13545;27.0229;0;0;219
CATALUNYA;CATALUNYA;2020-03-11;2020-03-17;No;285.964;4.78149;55.7580;4242;146.5851;11152;25.1432;0;0;161
CATALUNYA;CATALUNYA;2020-03-11;2020-03-17;--;;;0.0000;14;0.0000;45;26.6667;0;0;0
CATALUNYA;CATALUNYA;2020-03-11;2020-03-17;Si;;;260.9456;167;675.0210;432;34.7518;0;0;94
CATALUNYA;CATALUNYA;2020-03-10;2020-03-16;Si;;;170.3178;109;540.6418;346;29.4118;0;0;76
CATALUNYA;CATALUNYA;2020-03-10;2020-03-16;No;225.874;4.93515;43.7179;3326;117.9700;8975;23.4043;0;0;126
CATALUNYA;CATALUNYA;2020-03-10;2020-03-16;--;;;0.0000;11;0.0000;37;24.3243;0;0;0
CATALUNYA;CATALUNYA;2020-03-09;2020-03-15;--;;;0.0000;8;0.0000;33;21.2121;0;0;0
CATALUNYA;CATALUNYA;2020-03-09;2020-03-15;Si;;;112.5035;72;420.3256;269;26.5152;0;0;58
CATALUNYA;CATALUNYA;2020-03-09;2020-03-15;No;144.719;5.0;28.0499;2134;90.8139;6909;20.9274;0;0;103
CATALUNYA;CATALUNYA;2020-03-08;2020-03-14;No;107.342;4.63736;22.3584;1701;71.9124;5471;18.6616;0;0;77
CATALUNYA;CATALUNYA;2020-03-08;2020-03-14;--;;;0.0000;5;0.0000;24;16.6667;0;0;0
CATALUNYA;CATALUNYA;2020-03-08;2020-03-14;Si;;;54.6892;35;304.6970;195;16.7539;0;0;43
CATALUNYA;CATALUNYA;2020-03-07;2020-03-13;Si;;;43.7513;28;254.6954;163;14.9068;0;0;26
CATALUNYA;CATALUNYA;2020-03-07;2020-03-13;No;;;17.9288;1364;50.7632;3862;18.4392;0;0;50
CATALUNYA;CATALUNYA;2020-03-07;2020-03-13;--;;;0.0000;2;0.0000;15;6.6667;0;0;0
CATALUNYA;CATALUNYA;2020-03-06;2020-03-12;--;;;0.0000;0;0.0000;9;0.0000;0;0;0
CATALUNYA;CATALUNYA;2020-03-06;2020-03-12;Si;;;23.4382;15;171.8803;110;10.0917;0;0;16
CATALUNYA;CATALUNYA;2020-03-06;2020-03-12;No;;;11.0149;838;26.6434;2027;19.4877;0;0;30
CATALUNYA;CATALUNYA;2020-03-05;2020-03-11;No;;;6.6378;505;14.4718;1101;16.9131;0;0;17
CATALUNYA;CATALUNYA;2020-03-05;2020-03-11;--;;;0.0000;0;0.0000;7;0.0000;0;0;0
CATALUNYA;CATALUNYA;2020-03-05;2020-03-11;Si;;;9.3752;6;109.3784;70;4.2857;0;0;11
CATALUNYA;CATALUNYA;2020-03-04;2020-03-10;No;;;4.0484;308;8.6095;655;14.5511;0;0;12
CATALUNYA;CATALUNYA;2020-03-04;2020-03-10;--;;;0.0000;0;0.0000;5;0.0000;0;0;0
CATALUNYA;CATALUNYA;2020-03-04;2020-03-10;Si;;;4.6876;3;67.1895;43;2.3256;0;0;6
CATALUNYA;CATALUNYA;2020-03-03;2020-03-09;--;;;0.0000;0;0.0000;2;0.0000;0;0;0
CATALUNYA;CATALUNYA;2020-03-03;2020-03-09;Si;;;1.5625;1;31.2509;20;0.0000;0;0;3
CATALUNYA;CATALUNYA;2020-03-03;2020-03-09;No;;;2.0505;156;4.8765;371;7.9452;0;0;9
CATALUNYA;CATALUNYA;2020-03-02;2020-03-08;No;;;0.8938;68;4.0090;305;5.3333;0;0;5
CATALUNYA;CATALUNYA;2020-03-02;2020-03-08;--;;;0.0000;1;0.0000;1;100.0000;0;0;0
CATALUNYA;CATALUNYA;2020-03-02;2020-03-08;Si;;;1.5625;1;20.3131;13;0.0000;0;0;2
CATALUNYA;CATALUNYA;2020-03-01;2020-03-07;No;;;0.7886;60;3.6409;277;4.3956;0;0;2
CATALUNYA;CATALUNYA;2020-03-01;2020-03-07;--;;;0.0000;2;0.0000;3;33.3333;0;0;0
CATALUNYA;CATALUNYA;2020-03-01;2020-03-07;Si;;;1.5625;1;12.5003;8;0.0000;0;0;0
CATALUNYA;CATALUNYA;2020-02-29;2020-03-06;--;;;0.0000;2;0.0000;3;33.3333;0;0;0
CATALUNYA;CATALUNYA;2020-02-29;2020-03-06;Si;;;0.0000;0;4.6876;3;0.0000;0;0;0
CATALUNYA;CATALUNYA;2020-02-29;2020-03-06;No;;;0.6572;50;2.6157;199;5.1282;0;0;0
CATALUNYA;CATALUNYA;2020-02-28;2020-03-05;--;;;0.0000;2;0.0000;3;33.3333;0;0;0
CATALUNYA;CATALUNYA;2020-02-28;2020-03-05;Si;;;0.0000;0;3.1250;2;0.0000;0;0;0
CATALUNYA;CATALUNYA;2020-02-28;2020-03-05;No;;;0.4863;37;1.8796;143;5.6738;0;0;0
CATALUNYA;CATALUNYA;2020-02-27;2020-03-04;No;;;0.2628;20;1.3932;106;2.8302;0;0;0
CATALUNYA;CATALUNYA;2020-02-27;2020-03-04;--;;;0.0000;2;0.0000;3;33.3333;0;0;0
CATALUNYA;CATALUNYA;2020-02-27;2020-03-04;Si;;;0.0000;0;3.1250;2;0.0000;0;0;0
CATALUNYA;CATALUNYA;2020-02-26;2020-03-03;--;;;0.0000;2;0.0000;3;33.3333;0;0;0
CATALUNYA;CATALUNYA;2020-02-26;2020-03-03;Si;;;0.0000;0;0.0000;0;0.0000;0;0;0
CATALUNYA;CATALUNYA;2020-02-26;2020-03-03;No;;;0.1708;13;1.0383;79;2.5316;0;0;0
CATALUNYA;CATALUNYA;2020-02-25;2020-03-02;--;;;0.0000;2;0.0000;3;33.3333;0;0;0
CATALUNYA;CATALUNYA;2020-02-25;2020-03-02;Si;;;0.0000;0;0.0000;0;0.0000;0;0;0
CATALUNYA;CATALUNYA;2020-02-25;2020-03-02;No;;;0.0657;5;0.7097;54;3.7037;0;0;0
CATALUNYA;CATALUNYA;2020-02-24;2020-03-01;No;;;0.0131;1;0.2628;20;0.0000;0;0;0
CATALUNYA;CATALUNYA;2020-02-24;2020-03-01;--;;;0.0000;1;0.0000;2;0.0000;0;0;0
CATALUNYA;CATALUNYA;2020-02-24;2020-03-01;Si;;;0.0000;0;0.0000;0;0.0000;0;0;0
