CATALUNYA;GLOBAL;2021-09-19;2021-09-25;Si;;;170.8817;46.9924;33;6597.4595;4028;605;1.2337;27;1;5;29;4;32;4;2512;406;96;161
CATALUNYA;GLOBAL;2021-09-18;2021-09-24;Si;;;175.1537;49.8405;35;6597.4595;4033;600;1.3005;30;1;4;31;4;34;4;2518;404;98;163
CATALUNYA;GLOBAL;2021-09-17;2021-09-23;Si;;;169.4577;71.2007;50;7111.5288;4441;553;1.6843;42;1;7;45;5;49;5;2819;387;94;150
CATALUNYA;GLOBAL;2021-09-16;2021-09-22;Si;;;169.4577;88.2889;62;7948.8493;5070;512;1.8081;38;1;11;55;7;58;7;3225;370;83;118
CATALUNYA;GLOBAL;2021-09-15;2021-09-21;Si;;;190.8179;105.3770;74;8286.3408;5286;533;2.0234;39;1;10;63;11;65;11;3380;376;74;97
CATALUNYA;GLOBAL;2021-09-14;2021-09-20;Si;;;200.7860;115.3451;81;8398.8380;5308;590;2.3438;47;1;13;68;13;74;13;3302;410;68;82
CATALUNYA;GLOBAL;2021-09-13;2021-09-19;Si;;;213.6021;125.3132;88;8672.2488;5454;636;2.3124;52;1;14;72;16;74;16;3454;438;62;73
CATALUNYA;GLOBAL;2021-09-12;2021-09-18;Si;;;215.0262;123.8892;87;8771.9298;5525;635;2.2837;46;1;15;72;15;75;15;3511;430;62;74
CATALUNYA;GLOBAL;2021-09-11;2021-09-17;Si;;;212.1781;125.3132;88;8784.7459;5491;678;2.3015;44;1;18;72;16;75;16;3496;458;59;74
CATALUNYA;GLOBAL;2021-09-10;2021-09-16;Si;;;207.9061;98.2570;69;8938.5395;5590;687;1.8205;36;0;16;53;16;56;16;3487;468;60;93
CATALUNYA;GLOBAL;2021-09-09;2021-09-15;Si;;;195.0899;81.1688;57;8709.2731;5441;675;1.6103;35;0;12;44;13;48;13;3342;446;61;92
CATALUNYA;GLOBAL;2021-09-08;2021-09-14;Si;;;212.1781;85.4408;60;8976.9879;5621;683;1.8023;33;0;13;43;17;53;17;3429;455;65;87
CATALUNYA;GLOBAL;2021-09-07;2021-09-13;Si;;;223.5702;85.4408;60;9479.6650;6006;651;1.5470;29;0;11;40;20;44;20;3697;440;58;98
CATALUNYA;GLOBAL;2021-09-06;2021-09-12;Si;;;222.1462;88.2889;62;10504.9555;6733;644;1.4388;28;0;11;41;21;45;21;4141;446;61;108
CATALUNYA;GLOBAL;2021-09-05;2021-09-11;Si;;;224.9943;91.1369;64;10442.2989;6674;659;1.5142;30;0;9;41;23;46;23;4102;455;61;108
CATALUNYA;GLOBAL;2021-09-04;2021-09-10;Si;;;232.1143;86.8648;61;10456.5390;6718;625;1.4357;27;0;7;39;22;44;22;4160;437;61;107
CATALUNYA;GLOBAL;2021-09-03;2021-09-09;Si;;;242.0824;109.6491;77;11010.4807;6910;822;1.6763;29;0;7;53;24;57;24;4271;561;66;111
CATALUNYA;GLOBAL;2021-09-02;2021-09-08;Si;;;262.0186;113.9211;80;12247.9494;7763;838;1.5593;30;0;9;49;31;53;31;4832;555;82;130
CATALUNYA;GLOBAL;2021-09-01;2021-09-07;Si;;;260.5946;126.7372;89;13093.8140;8361;834;1.5687;31;0;11;66;23;68;23;5255;546;74;135
CATALUNYA;GLOBAL;2021-08-31;2021-09-06;Si;;;280.5308;138.1294;97;13506.7783;8510;975;1.8630;35;1;14;70;27;84;27;5350;608;77;126
CATALUNYA;GLOBAL;2021-08-30;2021-09-05;Si;;;283.3789;133.8573;94;13284.6320;8259;1070;1.8207;36;1;17;66;28;79;28;5230;647;78;115
CATALUNYA;GLOBAL;2021-08-29;2021-09-04;Si;;;286.2269;133.8573;94;13408.5213;8270;1146;1.8026;35;1;18;67;27;80;27;5231;705;78;117
CATALUNYA;GLOBAL;2021-08-28;2021-09-03;Si;;;336.0674;145.2494;102;13690.4761;8392;1222;1.8119;39;1;20;75;27;83;27;5322;749;79;120
CATALUNYA;GLOBAL;2021-08-27;2021-09-02;Si;;;347.4595;132.4333;93;14193.1533;8774;1193;1.5948;36;1;19;66;27;74;27;5603;730;76;130
CATALUNYA;GLOBAL;2021-08-26;2021-09-01;Si;;;371.6678;148.0975;104;14217.3615;8659;1325;1.7755;35;1;19;82;22;90;22;5483;825;69;129
CATALUNYA;GLOBAL;2021-08-25;2021-08-31;Si;;;363.1237;133.8573;94;14927.9448;9073;1410;1.5460;40;2;17;71;23;78;23;5653;880;80;141
CATALUNYA;GLOBAL;2021-08-24;2021-08-30;Si;;;365.9717;142.4014;100;15217.0198;9315;1371;1.5006;36;1;16;79;21;79;21;5773;891;82;161
CATALUNYA;GLOBAL;2021-08-23;2021-08-29;Si;;;411.5402;149.5215;105;16300.6949;9959;1488;1.4576;35;1;14;76;29;75;29;6176;959;80;175
CATALUNYA;GLOBAL;2021-08-22;2021-08-28;Si;;;422.9323;152.3695;107;16388.9838;9942;1567;1.4944;35;1;17;77;30;77;30;6171;989;81;174
CATALUNYA;GLOBAL;2021-08-21;2021-08-27;Si;;;432.9004;190.8179;134;16799.1000;10103;1694;1.9347;39;1;19;99;35;106;35;6236;1052;82;171
CATALUNYA;GLOBAL;2021-08-20;2021-08-26;Si;;;462.8047;215.0262;151;17418.5463;10435;1797;2.0577;39;1;22;111;40;117;40;6478;1152;90;171
CATALUNYA;GLOBAL;2021-08-19;2021-08-25;Si;;;469.9248;223.5702;157;18633.2308;11245;1840;2.0854;42;1;24;108;49;121;50;7002;1198;97;171
CATALUNYA;GLOBAL;2021-08-18;2021-08-24;Si;;;469.9248;229.2663;161;18714.3996;11310;1832;2.1431;45;0;30;110;51;121;53;6913;1206;91;156
CATALUNYA;GLOBAL;2021-08-17;2021-08-23;Si;;;496.9810;223.5702;157;19581.6245;11831;1920;1.9350;48;0;35;102;55;110;56;7335;1244;94;141
CATALUNYA;GLOBAL;2021-08-16;2021-08-22;Si;;;556.7897;262.0186;184;20487.2977;12396;1991;2.1989;50;0;37;128;56;142;57;7741;1309;104;144
CATALUNYA;GLOBAL;2021-08-15;2021-08-21;Si;;;569.6058;270.5627;190;20502.9619;12480;1918;2.2627;57;0;38;129;61;143;62;7795;1265;103;144
CATALUNYA;GLOBAL;2021-08-14;2021-08-20;Si;;;552.5176;242.0824;170;20742.1964;12629;1937;2.0028;59;0;44;108;62;121;63;7863;1324;104;145
CATALUNYA;GLOBAL;2021-08-13;2021-08-19;Si;;;640.8065;247.7785;174;21298.9861;13031;1926;2.0365;65;0;53;111;63;127;64;8071;1308;125;162
CATALUNYA;GLOBAL;2021-08-12;2021-08-18;Si;;;666.4388;246.3545;173;21102.4720;12961;1858;1.9957;75;0;61;112;61;124;61;8002;1268;138;188
CATALUNYA;GLOBAL;2021-08-11;2021-08-17;Si;;;740.4875;240.6584;169;21354.5226;13026;1970;1.8971;74;0;61;106;63;119;62;8219;1322;145;197
CATALUNYA;GLOBAL;2021-08-10;2021-08-16;Si;;;786.0560;273.4107;192;22090.7382;13513;2000;2.1255;75;0;61;136;56;152;57;8482;1351;158;200
CATALUNYA;GLOBAL;2021-08-09;2021-08-15;Si;;;803.1442;294.7710;207;22854.0100;14091;1958;2.1886;80;0;66;140;67;157;66;8865;1324;152;186
CATALUNYA;GLOBAL;2021-08-08;2021-08-14;Si;;;818.8083;299.0430;210;23191.5014;14323;1963;2.1689;81;0;67;142;68;156;68;8991;1337;154;184
CATALUNYA;GLOBAL;2021-08-07;2021-08-13;Si;;;844.4406;310.4351;218;23242.7660;14411;1911;2.1863;74;0;65;148;70;158;69;9090;1293;159;182
CATALUNYA;GLOBAL;2021-08-06;2021-08-12;Si;;;929.8815;393.0280;276;24917.4071;15398;2100;2.6686;73;0;66;204;72;225;71;9682;1410;158;150
CATALUNYA;GLOBAL;2021-08-05;2021-08-11;Si;;;1002.5062;420.0843;295;25528.3094;15764;2163;2.6777;64;0;59;223;72;237;70;10016;1449;164;106
CATALUNYA;GLOBAL;2021-08-04;2021-08-10;Si;;;1113.5794;499.8291;351;26725.9056;16639;2129;3.0553;70;0;55;273;78;295;76;10701;1442;178;109
CATALUNYA;GLOBAL;2021-08-03;2021-08-09;Si;;;1174.8120;512.6452;360;27578.8904;17104;2263;3.1130;74;1;54;280;80;312;78;10991;1537;207;102
CATALUNYA;GLOBAL;2021-08-02;2021-08-08;Si;;;1258.8288;508.3732;357;27614.4907;16992;2400;3.1205;78;1;53;282;75;311;77;10810;1624;216;104
CATALUNYA;GLOBAL;2021-08-01;2021-08-07;Si;;;1271.6450;519.7653;365;28120.0159;17006;2741;3.1329;78;1;56;284;81;316;82;10831;1873;219;104
CATALUNYA;GLOBAL;2021-07-31;2021-08-06;Si;;;1297.2772;534.0054;375;28635.5092;17367;2742;3.2488;85;1;54;291;84;332;88;11075;1853;212;106
CATALUNYA;GLOBAL;2021-07-30;2021-08-05;Si;;;1362.7819;536.8534;377;27809.5807;16538;2991;3.3175;86;3;54;289;88;326;93;10635;1995;225;111
CATALUNYA;GLOBAL;2021-07-29;2021-08-04;Si;;;1542.2077;582.4219;409;27789.6445;16378;3137;3.7470;90;3;58;312;97;363;108;10506;2064;218;139
CATALUNYA;GLOBAL;2021-07-28;2021-08-03;Si;;;1604.8644;613.7502;431;27470.6652;15912;3379;3.9464;91;4;67;306;125;347;136;10051;2188;222;131
CATALUNYA;GLOBAL;2021-07-27;2021-08-02;Si;;;1656.1289;662.1667;465;26520.8475;15270;3354;4.2654;92;3;69;299;166;335;176;9810;2170;185;127
CATALUNYA;GLOBAL;2021-07-26;2021-08-01;Si;;;1731.6017;750.4556;527;25988.2661;14796;3454;4.6469;100;3;74;345;182;371;183;9641;2281;188;126
CATALUNYA;GLOBAL;2021-07-25;2021-07-31;Si;;;1744.4178;751.8796;528;25880.0410;14893;3281;4.6984;100;4;75;349;179;377;180;9698;2157;184;131
CATALUNYA;GLOBAL;2021-07-24;2021-07-30;Si;;;1762.9300;763.2718;536;25962.6338;14899;3333;4.6875;103;4;80;351;185;370;185;9648;2192;185;133
CATALUNYA;GLOBAL;2021-07-23;2021-07-29;Si;;;1735.8737;825.9284;580;25139.5534;14649;3005;5.2339;106;2;76;393;187;416;186;9491;2011;222;171
CATALUNYA;GLOBAL;2021-07-22;2021-07-28;Si;;;1797.1064;959.7858;674;24723.7411;14449;2913;5.8333;110;3;73;488;186;483;181;9405;1978;231;162
CATALUNYA;GLOBAL;2021-07-21;2021-07-27;Si;;;1760.0820;991.1141;696;23894.9646;13887;2893;6.1050;103;2;64;500;196;497;187;9172;2032;236;170
CATALUNYA;GLOBAL;2021-07-20;2021-07-26;Si;;;1708.8174;993.9621;698;22932.3308;12987;3117;6.3216;110;2;58;524;174;517;162;8537;2204;247;182
CATALUNYA;GLOBAL;2021-07-19;2021-07-25;Si;;;1614.8325;981.1460;689;20366.2565;11272;3030;6.9959;102;2;47;515;174;501;169;7452;2125;231;191
CATALUNYA;GLOBAL;2021-07-18;2021-07-24;Si;;;1593.4723;992.5381;697;19575.9284;10857;2890;7.3099;102;2;41;515;182;500;175;7212;2022;233;190
CATALUNYA;GLOBAL;2021-07-17;2021-07-23;Si;;;1547.9038;999.6582;702;18604.7505;10289;2776;7.7070;96;2;31;510;192;500;184;6919;1956;235;192
CATALUNYA;GLOBAL;2021-07-16;2021-07-22;Si;;;1386.9902;909.9453;639;17724.7095;9919;2528;7.1970;96;2;23;446;193;424;184;6662;1786;198;149
CATALUNYA;GLOBAL;2021-07-15;2021-07-21;Si;;;1180.5080;837.3205;588;16149.7493;8999;2342;7.3586;91;2;18;367;221;365;210;6147;1667;187;142
CATALUNYA;GLOBAL;2021-07-14;2021-07-20;Si;;;1038.1066;768.9678;540;14462.2920;8075;2081;7.6626;92;2;14;349;191;352;184;5532;1463;221;140
CATALUNYA;GLOBAL;2021-07-13;2021-07-19;Si;;;925.6094;714.8553;502;12978.4688;7469;1645;7.8406;77;2;10;319;183;314;178;5106;1169;232;155
CATALUNYA;GLOBAL;2021-07-12;2021-07-18;Si;;;788.9040;633.6864;445;12091.3078;7085;1406;7.6454;67;2;9;276;169;286;165;4885;1014;247;163
CATALUNYA;GLOBAL;2021-07-11;2021-07-17;Si;;;750.4556;600.9341;422;12007.2909;7088;1344;7.3379;58;2;5;268;154;276;154;4880;980;244;164
CATALUNYA;GLOBAL;2021-07-10;2021-07-16;Si;;;692.0710;548.2456;385;11476.1335;6701;1358;7.0301;51;2;3;252;133;259;133;4593;983;244;175
CATALUNYA;GLOBAL;2021-07-09;2021-07-15;Si;;;598.0861;477.0448;335;9928.2296;5605;1367;7.0025;46;2;4;212;123;219;123;3937;947;237;184
CATALUNYA;GLOBAL;2021-07-08;2021-07-14;Si;;;432.9004;343.1875;241;8969.8678;4952;1347;5.5466;44;2;3;149;92;152;90;3449;914;233;208
CATALUNYA;GLOBAL;2021-07-07;2021-07-13;Si;;;338.9154;269.1387;189;7913.2490;4251;1306;4.8004;36;2;3;109;80;106;78;2954;879;190;238
CATALUNYA;GLOBAL;2021-07-06;2021-07-12;Si;;;264.8667;210.7541;148;7194.1216;3694;1358;4.1988;35;3;4;80;68;81;66;2592;909;187;227
CATALUNYA;GLOBAL;2021-07-05;2021-07-11;Si;;;197.9380;155.2175;109;6500.6265;3302;1263;3.4394;35;3;3;56;53;57;50;2290;821;185;232
CATALUNYA;GLOBAL;2021-07-04;2021-07-10;Si;;;189.3939;149.5215;105;6341.1369;3282;1171;3.3311;40;4;3;52;53;53;48;2275;757;186;239
CATALUNYA;GLOBAL;2021-07-03;2021-07-09;Si;;;179.4258;143.8254;101;6195.8874;3302;1049;3.2693;44;4;3;51;50;52;45;2293;674;194;233
CATALUNYA;GLOBAL;2021-07-02;2021-07-08;Si;;;150.9455;121.0412;85;5234.6776;2800;876;3.1518;37;4;2;42;43;42;39;1983;587;232;265
CATALUNYA;GLOBAL;2021-07-01;2021-07-07;Si;;;116.7691;89.7129;63;4286.2838;2174;836;3.0303;30;3;3;34;29;36;28;1561;551;239;280
CATALUNYA;GLOBAL;2021-06-30;2021-07-06;Si;;;102.5290;69.7767;49;3911.7680;2046;701;2.5164;26;3;3;27;22;29;21;1521;466;239;261
CATALUNYA;GLOBAL;2021-06-29;2021-07-05;Si;;;99.6810;54.1125;38;3453.2353;1936;489;2.2637;22;2;2;22;16;24;16;1462;305;243;273
CATALUNYA;GLOBAL;2021-06-28;2021-07-04;Si;;;84.0168;42.7204;30;3273.8095;1962;337;1.8991;17;2;2;20;10;22;10;1470;215;245;280
CATALUNYA;GLOBAL;2021-06-27;2021-07-03;Si;;;76.8967;39.8724;28;3260.9933;1961;329;1.7825;12;0;5;20;8;22;8;1474;209;248;279
CATALUNYA;GLOBAL;2021-06-26;2021-07-02;Si;;;69.7767;35.6003;25;3091.5356;1875;296;1.6301;8;0;5;20;5;20;6;1400;195;241;282
CATALUNYA;GLOBAL;2021-06-25;2021-07-01;Si;;;59.8086;29.9043;21;2870.8133;1734;282;1.4443;12;0;4;16;5;15;6;1269;185;175;249
CATALUNYA;GLOBAL;2021-06-24;2021-06-30;Si;;;55.5365;27.0562;19;2628.7309;1652;194;1.3960;15;0;3;15;4;14;5;1222;139;134;186
CATALUNYA;GLOBAL;2021-06-23;2021-06-29;Si;;;52.6885;32.7523;23;2439.3369;1538;175;1.8153;21;0;3;17;6;17;6;1140;127;133;178
CATALUNYA;GLOBAL;2021-06-22;2021-06-28;Si;;;51.2645;45.5684;32;2352.4720;1473;179;2.6059;23;1;5;21;11;21;11;1097;131;142;179
CATALUNYA;GLOBAL;2021-06-21;2021-06-27;Si;;;44.1444;41.2964;29;2212.9186;1383;171;2.3156;24;1;5;19;10;17;10;1041;125;144;170
CATALUNYA;GLOBAL;2021-06-20;2021-06-26;Si;;;41.2964;37.0243;26;2184.4383;1376;158;2.0690;23;1;4;18;8;16;8;1043;117;147;170
CATALUNYA;GLOBAL;2021-06-19;2021-06-25;Si;;;37.0243;34.1763;24;2111.8136;1320;163;1.9147;22;1;4;15;9;14;8;1025;124;160;166
CATALUNYA;GLOBAL;2021-06-18;2021-06-24;Si;;;34.1763;29.9043;21;2173.0462;1364;162;1.6598;18;1;5;13;8;13;7;1082;123;203;203
CATALUNYA;GLOBAL;2021-06-17;2021-06-23;Si;;;35.6003;28.4802;20;2398.0405;1488;196;1.4361;13;1;5;12;8;12;7;1170;153;264;238
CATALUNYA;GLOBAL;2021-06-16;2021-06-22;Si;;;28.4802;19.9362;14;2504.8416;1558;201;0.9524;11;1;6;8;6;7;6;1205;160;265;248
CATALUNYA;GLOBAL;2021-06-15;2021-06-21;Si;;;18.5121;5.6960;4;2501.9936;1549;208;0.2185;11;1;4;3;1;2;1;1203;170;263;236
CATALUNYA;GLOBAL;2021-06-14;2021-06-20;Si;;;14.2401;2.8480;2;2610.2187;1605;228;0.1385;11;1;4;1;1;1;1;1257;187;271;233
CATALUNYA;GLOBAL;2021-06-13;2021-06-19;Si;;;17.0881;4.2720;3;2608.7947;1607;225;0.2116;12;2;3;2;1;2;1;1236;182;272;227
CATALUNYA;GLOBAL;2021-06-12;2021-06-18;Si;;;15.6641;2.8480;2;2604.5226;1604;225;0.1423;14;2;5;2;0;2;0;1224;181;258;224
CATALUNYA;GLOBAL;2021-06-11;2021-06-17;Si;;;17.0881;4.2720;3;2587.4344;1596;221;0.2158;14;2;4;2;1;2;1;1210;180;275;245
CATALUNYA;GLOBAL;2021-06-10;2021-06-16;Si;;;18.5121;7.1200;5;2670.0273;1643;232;0.3561;15;2;5;4;1;4;1;1216;188;274;306
CATALUNYA;GLOBAL;2021-06-09;2021-06-15;Si;;;19.9362;8.5440;6;2655.7871;1641;224;0.4289;12;2;5;5;1;5;1;1218;181;290;323
CATALUNYA;GLOBAL;2021-06-08;2021-06-14;Si;;;19.9362;12.8161;9;2623.0348;1620;222;0.6632;11;1;6;6;3;6;3;1180;177;272;337
CATALUNYA;GLOBAL;2021-06-07;2021-06-13;Si;;;19.9362;11.3921;8;2551.8341;1588;204;0.6135;12;1;6;5;3;5;3;1139;165;292;326
CATALUNYA;GLOBAL;2021-06-06;2021-06-12;Si;;;18.5121;12.8161;9;2560.3782;1590;208;0.6803;10;0;5;4;5;4;5;1152;171;286;327
CATALUNYA;GLOBAL;2021-06-05;2021-06-11;Si;;;19.9362;12.8161;9;2595.9785;1610;213;0.6737;8;0;3;4;5;4;5;1165;171;285;330
CATALUNYA;GLOBAL;2021-06-04;2021-06-10;Si;;;22.7842;12.8161;9;2654.3631;1630;234;0.6565;9;0;3;5;4;5;4;1181;190;289;361
CATALUNYA;GLOBAL;2021-06-03;2021-06-09;Si;;;21.3602;11.3921;8;2513.3857;1567;198;0.6024;9;1;2;4;4;4;4;1167;161;268;342
CATALUNYA;GLOBAL;2021-06-02;2021-06-08;Si;;;28.4802;11.3921;8;2553.2581;1599;194;0.5961;9;1;1;4;4;4;4;1187;155;277;378
CATALUNYA;GLOBAL;2021-06-01;2021-06-07;Si;;;31.3283;7.1200;5;2704.2036;1703;196;0.3501;10;2;0;3;2;3;2;1271;157;276;409
CATALUNYA;GLOBAL;2021-05-31;2021-06-06;Si;;;34.1763;8.5440;6;2811.0047;1756;218;0.4030;9;2;2;4;2;4;2;1313;176;256;444
CATALUNYA;GLOBAL;2021-05-30;2021-06-05;Si;;;31.3283;5.6960;4;2838.0610;1771;222;0.2670;11;2;2;4;0;4;0;1321;177;254;456
CATALUNYA;GLOBAL;2021-05-29;2021-06-04;Si;;;31.3283;7.1200;5;2889.3255;1798;231;0.3270;12;2;2;5;0;5;0;1344;185;254;464
CATALUNYA;GLOBAL;2021-05-28;2021-06-03;Si;;;32.7523;9.9681;7;2932.0460;1823;236;0.5151;12;2;5;5;2;6;2;1366;187;280;540
CATALUNYA;GLOBAL;2021-05-27;2021-06-02;Si;;;35.6003;9.9681;7;3004.6707;1869;241;0.5660;12;1;7;5;2;7;2;1403;187;292;566
CATALUNYA;GLOBAL;2021-05-26;2021-06-01;Si;;;37.0243;17.0881;12;2990.4306;1857;243;0.8723;15;1;7;9;3;11;3;1415;190;287;551
CATALUNYA;GLOBAL;2021-05-25;2021-05-31;Si;;;42.7204;24.2082;17;3125.7120;1940;255;1.1364;14;0;8;12;5;14;5;1475;197;310;532
CATALUNYA;GLOBAL;2021-05-24;2021-05-30;Si;;;46.9924;25.6322;18;2951.9822;1832;241;1.3401;15;1;7;11;7;14;7;1385;182;289;501
CATALUNYA;GLOBAL;2021-05-23;2021-05-29;Si;;;48.4164;25.6322;18;2923.5019;1819;234;1.3557;14;1;7;11;7;14;7;1375;174;291;491
CATALUNYA;GLOBAL;2021-05-22;2021-05-28;Si;;;46.9924;24.2082;17;2840.9090;1773;222;1.3351;17;1;7;10;7;13;7;1335;163;293;500
CATALUNYA;GLOBAL;2021-05-21;2021-05-27;Si;;;45.5684;22.7842;16;2738.3800;1719;204;1.2517;16;1;4;11;5;13;5;1286;152;264;507
CATALUNYA;GLOBAL;2021-05-20;2021-05-26;Si;;;46.9924;25.6322;18;2816.7008;1735;243;1.3746;18;1;3;13;5;15;5;1271;184;328;469
CATALUNYA;GLOBAL;2021-05-19;2021-05-25;Si;;;44.1444;19.9362;14;2943.4381;1813;254;1.1214;16;1;3;10;4;13;4;1320;196;360;432
CATALUNYA;GLOBAL;2021-05-18;2021-05-24;Si;;;37.0243;18.5121;13;2917.8058;1800;249;0.9352;15;1;3;11;2;12;2;1309;188;362;416
CATALUNYA;GLOBAL;2021-05-17;2021-05-23;Si;;;39.8724;21.3602;15;3075.8714;1887;273;1.0006;12;1;3;14;1;15;1;1392;207;376;408
CATALUNYA;GLOBAL;2021-05-16;2021-05-22;Si;;;44.1444;22.7842;16;3100.0797;1904;273;1.0539;11;1;4;15;1;16;1;1406;207;380;400
CATALUNYA;GLOBAL;2021-05-15;2021-05-21;Si;;;48.4164;22.7842;16;3094.3836;1906;267;1.0468;10;1;5;15;1;16;1;1419;205;383;373
CATALUNYA;GLOBAL;2021-05-14;2021-05-20;Si;;;52.6885;22.7842;16;3169.8564;1942;284;0.9650;10;2;5;15;1;15;1;1448;210;426;353
CATALUNYA;GLOBAL;2021-05-13;2021-05-19;Si;;;49.8405;21.3602;15;3202.6087;1986;263;0.8182;10;2;4;14;1;13;1;1514;197;412;478
CATALUNYA;GLOBAL;2021-05-12;2021-05-18;Si;;;56.9605;24.2082;17;3293.7457;2041;272;0.8494;9;3;4;14;3;12;3;1566;200;419;545
CATALUNYA;GLOBAL;2021-05-11;2021-05-17;Si;;;56.9605;18.5121;13;3211.1528;1977;278;0.7510;12;3;3;10;3;10;3;1520;211;434;580
CATALUNYA;GLOBAL;2021-05-10;2021-05-16;Si;;;61.2326;18.5121;13;3380.6106;2102;272;0.6608;15;3;2;11;2;10;2;1606;210;483;589
CATALUNYA;GLOBAL;2021-05-09;2021-05-15;Si;;;59.8086;21.3602;15;3436.1471;2130;283;0.8130;18;3;2;12;3;12;3;1626;219;489;589
CATALUNYA;GLOBAL;2021-05-08;2021-05-14;Si;;;61.2326;25.6322;18;3548.6443;2192;300;0.9484;17;3;4;13;5;13;5;1667;231;509;589
CATALUNYA;GLOBAL;2021-05-07;2021-05-13;Si;;;85.4408;29.9043;21;3777.9106;2339;314;1.2506;17;2;4;14;7;18;7;1761;238;584;621
CATALUNYA;GLOBAL;2021-05-06;2021-05-12;Si;;;113.9211;28.4802;20;3837.7192;2363;332;1.1864;18;2;6;13;7;17;7;1774;249;603;715
CATALUNYA;GLOBAL;2021-05-05;2021-05-11;Si;;;125.3132;32.7523;23;3998.6329;2479;329;1.4430;20;1;7;17;6;24;6;1831;248;594;866
CATALUNYA;GLOBAL;2021-05-04;2021-05-10;Si;;;143.8254;38.4483;27;4105.4340;2547;336;1.5435;21;1;8;21;6;27;6;1884;254;578;960
CATALUNYA;GLOBAL;2021-05-03;2021-05-09;Si;;;173.7297;42.7204;30;4169.5146;2577;351;1.8790;26;0;8;23;7;32;9;1914;268;583;965
CATALUNYA;GLOBAL;2021-05-02;2021-05-08;Si;;;186.5459;38.4483;27;4179.4827;2580;355;1.6856;25;0;7;21;6;29;8;1921;274;574;965
CATALUNYA;GLOBAL;2021-05-01;2021-05-07;Si;;;189.3939;35.6003;25;4270.6197;2643;356;1.5152;25;0;5;20;5;28;6;1971;273;558;966
CATALUNYA;GLOBAL;2021-04-30;2021-05-06;Si;;;197.9380;55.5365;39;4425.8373;2761;347;1.7736;28;0;5;34;5;36;6;2095;273;592;1372
CATALUNYA;GLOBAL;2021-04-29;2021-05-05;Si;;;203.6340;85.4408;60;4437.2294;2772;344;2.7038;31;0;4;54;6;57;7;2101;266;556;1653
CATALUNYA;GLOBAL;2021-04-28;2021-05-04;Si;;;202.2100;92.5609;65;4227.8992;2628;341;2.9062;35;1;3;56;9;56;10;2008;263;549;1959
CATALUNYA;GLOBAL;2021-04-27;2021-05-03;Si;;;207.9061;105.3770;74;4264.9236;2638;357;3.3846;37;1;2;62;12;64;13;2001;274;574;2101
CATALUNYA;GLOBAL;2021-04-26;2021-05-02;Si;;;202.2100;131.0093;92;4428.6853;2758;352;4.0541;33;1;2;73;19;78;18;2093;275;523;2085
CATALUNYA;GLOBAL;2021-04-25;2021-05-01;Si;;;207.9061;148.0975;104;4388.8129;2727;355;4.6095;33;1;3;74;30;79;29;2067;276;522;2085
CATALUNYA;GLOBAL;2021-04-24;2021-04-30;Si;;;210.7541;153.7935;108;4296.2519;2666;351;4.9280;41;2;5;79;29;84;29;2017;276;517;2085
CATALUNYA;GLOBAL;2021-04-23;2021-04-29;Si;;;189.3939;142.4014;100;3910.3440;2403;343;5.1591;44;3;5;70;30;78;29;1803;271;406;1596
CATALUNYA;GLOBAL;2021-04-22;2021-04-28;Si;;;166.6097;118.1932;83;3927.4322;2421;337;4.2160;44;3;6;53;30;60;29;1832;279;472;1637
CATALUNYA;GLOBAL;2021-04-21;2021-04-27;Si;;;156.6416;109.6491;77;3971.5766;2435;354;3.8479;42;2;8;48;29;55;28;1862;295;532;1826
CATALUNYA;GLOBAL;2021-04-20;2021-04-26;Si;;;146.6735;102.5290;72;3876.1676;2394;328;3.6706;39;2;8;46;26;53;25;1850;275;554;2031
CATALUNYA;GLOBAL;2021-04-19;2021-04-25;Si;;;119.6172;71.2007;50;3589.9407;2192;329;2.5981;43;3;9;31;19;33;18;1692;271;539;2033
CATALUNYA;GLOBAL;2021-04-18;2021-04-24;Si;;;109.6491;59.8086;42;3611.3009;2212;324;2.1191;47;4;9;32;10;33;9;1714;268;537;2033
CATALUNYA;GLOBAL;2021-04-17;2021-04-23;Si;;;106.8010;56.9605;40;3551.4923;2172;322;2.0908;39;3;11;29;11;31;10;1693;268;530;2032
CATALUNYA;GLOBAL;2021-04-16;2021-04-22;Si;;;101.1050;46.9924;33;3710.9820;2273;333;1.6642;36;2;13;25;8;26;8;1771;272;632;2285
CATALUNYA;GLOBAL;2021-04-15;2021-04-21;Si;;;109.6491;48.4164;34;3629.8131;2210;339;1.8228;34;2;14;25;9;26;10;1706;269;758;2055
CATALUNYA;GLOBAL;2021-04-14;2021-04-20;Si;;;125.3132;46.9924;33;3703.8619;2273;328;1.8000;32;2;15;26;7;29;7;1740;260;890;1533
CATALUNYA;GLOBAL;2021-04-13;2021-04-19;Si;;;132.4333;44.1444;31;3886.1357;2378;351;1.5087;30;2;15;24;7;25;7;1843;278;958;1164
CATALUNYA;GLOBAL;2021-04-12;2021-04-18;Si;;;129.5853;48.4164;34;4380.2688;2503;573;1.4456;24;2;14;27;7;26;8;1922;430;973;1168
CATALUNYA;GLOBAL;2021-04-11;2021-04-17;Si;;;123.8892;49.8405;35;4417.2932;2523;579;1.5228;20;3;14;27;8;28;8;1932;432;975;1173
CATALUNYA;GLOBAL;2021-04-10;2021-04-16;Si;;;122.4652;49.8405;35;4549.7265;2598;597;1.4451;27;3;10;27;8;27;8;1981;441;981;1177
CATALUNYA;GLOBAL;2021-04-09;2021-04-15;Si;;;122.4652;54.1125;38;4653.6796;2659;609;1.6526;28;3;12;29;9;32;9;2027;454;1308;1140
CATALUNYA;GLOBAL;2021-04-08;2021-04-14;Si;;;122.4652;61.2326;43;4830.2574;2758;634;1.7788;31;4;10;33;10;37;9;2108;478;1625;924
CATALUNYA;GLOBAL;2021-04-07;2021-04-13;Si;;;129.5853;78.3208;55;5105.0922;2868;717;2.1763;32;5;9;40;15;45;15;2211;546;2002;896
CATALUNYA;GLOBAL;2021-04-06;2021-04-12;Si;;;135.2813;88.2889;62;5310.1503;2938;791;2.3725;37;5;10;44;18;49;18;2241;583;2156;828
CATALUNYA;GLOBAL;2021-04-05;2021-04-11;Si;;;143.8254;81.1688;57;4561.1187;2611;592;2.5122;40;6;10;40;17;46;16;2011;457;2139;814
CATALUNYA;GLOBAL;2021-04-04;2021-04-10;Si;;;138.1294;74.0487;52;4555.4226;2615;584;2.3171;42;4;10;38;14;43;14;2008;452;2138;809
CATALUNYA;GLOBAL;2021-04-03;2021-04-09;Si;;;143.8254;72.6247;51;4431.5333;2539;573;2.3304;39;5;11;38;13;43;13;1956;447;2139;806
CATALUNYA;GLOBAL;2021-04-02;2021-04-08;Si;;;142.4014;68.3526;48;4024.2652;2272;554;2.3224;39;5;11;36;12;39;12;1759;437;1623;468
CATALUNYA;GLOBAL;2021-04-01;2021-04-07;Si;;;138.1294;61.2326;43;3861.9275;2180;532;2.1780;37;4;12;33;10;36;10;1693;419;1537;578
CATALUNYA;GLOBAL;2021-03-31;2021-04-06;Si;;;126.7372;51.2645;36;3659.7174;2108;462;1.9124;35;3;12;28;8;29;9;1633;354;1667;806
CATALUNYA;GLOBAL;2021-03-30;2021-04-05;Si;;;128.1613;46.9924;33;3397.6987;2005;381;1.9355;38;4;11;23;10;26;10;1559;301;2050;1027
CATALUNYA;GLOBAL;2021-03-29;2021-04-04;Si;;;148.0975;62.6566;44;4143.8824;2320;590;2.1010;41;2;11;29;15;32;15;1799;438;2101;1079
CATALUNYA;GLOBAL;2021-03-28;2021-04-03;Si;;;152.3695;64.0806;45;4136.7623;2303;602;2.1457;43;3;11;29;16;32;16;1789;448;2100;1079
CATALUNYA;GLOBAL;2021-03-27;2021-04-02;Si;;;156.6416;71.2007;50;4232.1713;2366;606;2.2678;42;3;10;33;17;35;17;1843;450;2108;1090
CATALUNYA;GLOBAL;2021-03-26;2021-04-01;Si;;;158.0656;74.0487;52;4568.2387;2561;647;2.1121;46;4;6;32;20;32;20;1989;473;2433;1538
CATALUNYA;GLOBAL;2021-03-25;2021-03-31;Si;;;158.0656;76.8967;54;4669.3438;2610;669;2.1200;43;4;5;35;19;34;19;2016;484;2283;1827
CATALUNYA;GLOBAL;2021-03-24;2021-03-30;Si;;;155.2175;75.4727;53;4623.7753;2571;676;2.0993;52;5;4;37;16;37;15;1987;490;1855;2061
CATALUNYA;GLOBAL;2021-03-23;2021-03-29;Si;;;150.9455;81.1688;57;4834.5295;2652;743;2.1814;48;4;6;44;13;44;13;2051;562;1266;2062
CATALUNYA;GLOBAL;2021-03-22;2021-03-28;Si;;;149.5215;85.4408;60;4820.2893;2673;712;2.2222;45;4;6;50;10;48;10;2075;535;1324;2141
CATALUNYA;GLOBAL;2021-03-21;2021-03-27;Si;;;152.3695;88.2889;62;4783.2649;2660;699;2.3139;42;5;6;51;11;49;11;2070;523;1324;2141
CATALUNYA;GLOBAL;2021-03-20;2021-03-26;Si;;;145.2494;85.4408;60;4737.6965;2630;697;2.2665;43;4;7;50;10;48;10;2040;519;1310;2135
CATALUNYA;GLOBAL;2021-03-19;2021-03-25;Si;;;145.2494;84.0168;59;4756.2087;2656;684;2.3680;39;3;9;50;9;52;9;2065;511;1146;2374
CATALUNYA;GLOBAL;2021-03-18;2021-03-24;Si;;;150.9455;81.1688;57;4767.6008;2645;703;2.2771;44;5;8;48;9;50;9;2062;529;898;2652
CATALUNYA;GLOBAL;2021-03-17;2021-03-23;Si;;;148.0975;79.7448;56;4763.3287;2636;709;2.0971;37;4;9;47;9;45;9;2038;537;661;2863
CATALUNYA;GLOBAL;2021-03-16;2021-03-22;Si;;;140.9774;69.7767;49;4602.4151;2570;662;2.0145;37;4;9;39;10;38;12;1985;497;600;3084
CATALUNYA;GLOBAL;2021-03-15;2021-03-21;Si;;;139.5534;64.0806;45;4808.8972;2684;693;1.8605;38;5;13;36;9;36;12;2068;512;613;3242
CATALUNYA;GLOBAL;2021-03-14;2021-03-20;Si;;;150.9455;64.0806;45;4853.0416;2698;710;1.8839;42;4;13;37;8;38;11;2074;527;615;3266
CATALUNYA;GLOBAL;2021-03-13;2021-03-19;Si;;;146.6735;59.8086;42;4858.7377;2700;712;1.8063;40;4;12;33;9;35;12;2069;533;652;3362
CATALUNYA;GLOBAL;2021-03-12;2021-03-18;Si;;;159.4896;61.2326;43;4924.2424;2738;720;1.7925;39;4;15;33;10;34;13;2078;544;639;3108
CATALUNYA;GLOBAL;2021-03-11;2021-03-17;Si;;;159.4896;69.7767;49;4922.8184;2696;761;1.9885;40;3;17;35;14;36;16;2042;573;817;2542
CATALUNYA;GLOBAL;2021-03-10;2021-03-16;Si;;;165.1856;68.3526;48;4995.4431;2744;764;2.0316;42;4;18;33;15;36;18;2084;574;1105;1996
CATALUNYA;GLOBAL;2021-03-09;2021-03-15;Si;;;173.7297;71.2007;50;5241.7976;2928;753;1.8077;47;6;17;35;15;36;14;2208;558;1317;1744
CATALUNYA;GLOBAL;2021-03-08;2021-03-14;Si;;;182.2738;75.4727;53;5422.6475;3066;742;1.9339;49;5;16;35;18;39;16;2277;567;1294;1653
CATALUNYA;GLOBAL;2021-03-07;2021-03-13;Si;;;182.2738;86.8648;61;5441.1597;3084;737;2.1388;51;4;15;38;23;42;19;2288;564;1293;1629
CATALUNYA;GLOBAL;2021-03-06;2021-03-12;Si;;;180.8498;86.8648;61;5463.9439;3085;752;2.1217;55;4;17;38;23;42;19;2298;577;1288;1573
CATALUNYA;GLOBAL;2021-03-05;2021-03-11;Si;;;183.6978;98.2570;69;5607.7694;3181;757;2.4068;57;5;14;44;25;48;23;2373;577;1522;1410
CATALUNYA;GLOBAL;2021-03-04;2021-03-10;Si;;;179.4258;89.7129;63;5811.4035;3383;698;2.1311;54;4;16;39;24;43;22;2521;529;1786;1308
CATALUNYA;GLOBAL;2021-03-03;2021-03-09;Si;;;182.2738;96.8329;68;6301.2645;3670;755;2.1030;52;6;16;44;24;48;21;2703;578;2081;1123
CATALUNYA;GLOBAL;2021-03-02;2021-03-08;Si;;;200.7860;102.5290;72;6608.8516;3844;797;2.1277;45;4;16;48;24;52;22;2866;612;2152;1226
CATALUNYA;GLOBAL;2021-03-01;2021-03-07;Si;;;199.3620;106.8010;75;7271.0184;4286;820;1.9402;43;4;15;53;22;54;20;3190;624;2149;1164
CATALUNYA;GLOBAL;2021-02-28;2021-03-06;Si;;;192.2419;95.4089;67;7243.9621;4262;825;1.7627;38;4;19;50;17;50;17;3172;629;2150;1175
CATALUNYA;GLOBAL;2021-02-27;2021-03-05;Si;;;203.6340;93.9849;66;7326.5550;4290;855;1.7471;33;5;19;50;16;51;16;3184;651;2140;1167
CATALUNYA;GLOBAL;2021-02-26;2021-03-04;Si;;;213.6021;85.4408;60;7568.6375;4453;862;1.4676;32;4;18;48;12;48;10;3293;659;2319;1218
CATALUNYA;GLOBAL;2021-02-25;2021-03-03;Si;;;237.8104;89.7129;63;8064.1945;4783;880;1.4894;33;5;18;54;9;55;8;3552;678;2555;1396
CATALUNYA;GLOBAL;2021-02-24;2021-03-02;Si;;;244.9305;85.4408;60;8425.8942;5060;857;1.3409;38;2;19;51;9;50;9;3746;654;2800;1426
CATALUNYA;GLOBAL;2021-02-23;2021-03-01;Si;;;246.3545;98.2570;69;8874.4588;5371;861;1.5608;43;3;20;59;10;62;10;3952;661;3018;1406
CATALUNYA;GLOBAL;2021-02-22;2021-02-28;Si;;;269.1387;92.5609;65;8811.8022;5270;918;1.5405;46;3;21;54;11;58;12;3854;690;3282;1701
CATALUNYA;GLOBAL;2021-02-21;2021-02-27;Si;;;273.4107;96.8329;68;8901.5151;5338;913;1.5928;48;3;25;56;12;60;13;3897;686;3310;1697
CATALUNYA;GLOBAL;2021-02-20;2021-02-26;Si;;;286.2269;109.6491;77;9062.4287;5484;880;1.6785;50;2;27;63;14;63;15;3985;662;3435;1889
CATALUNYA;GLOBAL;2021-02-19;2021-02-25;Si;;;301.8910;128.1613;90;9137.9015;5549;868;1.9924;53;2;31;72;18;75;19;4063;655;3410;2002
CATALUNYA;GLOBAL;2021-02-18;2021-02-24;Si;;;346.0355;148.0975;104;9687.5712;5921;882;2.2117;55;2;29;85;19;92;20;4391;673;2953;2003
CATALUNYA;GLOBAL;2021-02-17;2021-02-23;Si;;;395.8760;159.4896;112;9985.1902;6025;987;2.2836;56;2;31;92;20;99;20;4464;747;2244;2166
CATALUNYA;GLOBAL;2021-02-16;2021-02-22;Si;;;485.5889;148.0975;104;10661.5971;6392;1095;2.0478;58;1;29;88;16;96;18;4759;808;1909;2240
CATALUNYA;GLOBAL;2021-02-15;2021-02-21;Si;;;542.5495;176.5778;124;11081.6814;6792;990;2.1864;59;3;32;106;18;110;19;5145;755;1886;2871
CATALUNYA;GLOBAL;2021-02-14;2021-02-20;Si;;;543.9735;176.5778;124;11185.6345;6824;1031;2.1612;60;3;27;105;19;109;20;5183;786;1856;2865
CATALUNYA;GLOBAL;2021-02-13;2021-02-19;Si;;;548.2456;176.5778;124;11282.4675;6821;1102;2.1606;64;3;36;104;20;110;21;5213;850;1779;3198
CATALUNYA;GLOBAL;2021-02-12;2021-02-18;Si;;;562.4857;173.7297;122;12719.2982;7437;1495;1.8603;67;7;36;106;16;109;17;5654;1119;1406;3616
CATALUNYA;GLOBAL;2021-02-11;2021-02-17;Si;;;605.2061;197.9380;139;13642.0596;7739;1841;1.9972;70;6;38;119;20;124;21;5885;1375;1189;3970
CATALUNYA;GLOBAL;2021-02-10;2021-02-16;Si;;;660.7427;236.3864;166;14990.6015;8290;2237;2.0831;70;7;46;145;21;143;22;6233;1688;1115;4000
CATALUNYA;GLOBAL;2021-02-09;2021-02-15;Si;;;737.6395;337.4914;237;16089.9407;8846;2453;2.7647;75;7;49;206;31;203;31;6585;1879;1225;4391
CATALUNYA;GLOBAL;2021-02-08;2021-02-14;Si;;;807.4162;365.9717;257;17297.5051;9300;2847;2.8303;77;7;57;219;38;221;38;6988;2163;1049;4727
CATALUNYA;GLOBAL;2021-02-07;2021-02-13;Si;;;830.2005;367.3957;258;17726.1335;9480;2968;2.7733;83;8;66;220;38;222;38;7128;2247;1065;5101
CATALUNYA;GLOBAL;2021-02-06;2021-02-12;Si;;;878.6169;371.6678;261;18708.7035;10061;3077;2.6567;86;8;64;220;41;223;41;7605;2332;1071;5578
CATALUNYA;GLOBAL;2021-02-05;2021-02-11;Si;;;965.4818;388.7559;273;19144.4520;10251;3193;2.7146;93;5;75;228;45;231;46;7738;2466;1106;7154
CATALUNYA;GLOBAL;2021-02-04;2021-02-10;Si;;;1042.3786;407.2681;286;20037.3091;11004;3067;2.6769;99;5;90;240;46;236;47;8211;2361;1290;9315
CATALUNYA;GLOBAL;2021-02-03;2021-02-09;Si;;;1089.3711;424.3563;298;21246.2975;11893;3027;2.7468;112;5;90;251;47;263;47;8926;2360;1297;11690
CATALUNYA;GLOBAL;2021-02-02;2021-02-08;Si;;;1102.1872;400.1480;281;21476.9879;11828;3254;2.5401;117;5;100;236;45;245;45;8911;2506;1154;13634
CATALUNYA;GLOBAL;2021-02-01;2021-02-07;Si;;;1228.9245;441.4445;310;21958.3048;12112;3308;2.8225;121;4;103;263;47;278;50;9102;2519;1275;14991
CATALUNYA;GLOBAL;2021-01-31;2021-02-06;Si;;;1277.3410;462.8047;325;21854.3517;11928;3419;2.8873;122;3;108;277;48;286;48;8949;2619;1466;16597
CATALUNYA;GLOBAL;2021-01-30;2021-02-05;Si;;;1328.6056;506.9491;356;22144.8507;12000;3551;3.2120;129;3;117;297;59;317;58;9008;2667;1648;19064
CATALUNYA;GLOBAL;2021-01-29;2021-02-04;Si;;;1414.0464;576.7259;405;23721.2349;12976;3682;3.4198;138;4;134;332;73;359;71;9794;2780;1743;21731
CATALUNYA;GLOBAL;2021-01-28;2021-02-03;Si;;;1508.0314;635.1105;446;24652.5404;13100;4212;3.7147;156;4;133;342;104;383;106;9963;3201;1824;24351
CATALUNYA;GLOBAL;2021-01-27;2021-02-02;Si;;;1646.1608;665.0148;467;26001.0822;14021;4238;3.6906;159;4;146;343;124;384;128;10641;3232;2019;23256
CATALUNYA;GLOBAL;2021-01-26;2021-02-01;Si;;;1938.0838;702.0391;493;26973.6842;14625;4317;3.7006;160;4;150;362;131;400;136;11098;3386;2186;24380
CATALUNYA;GLOBAL;2021-01-25;2021-01-31;Si;;;2089.0293;787.4800;553;28199.7607;15009;4794;3.8497;174;4;167;411;142;436;143;11299;3741;2836;22786
CATALUNYA;GLOBAL;2021-01-24;2021-01-30;Si;;;2128.9017;814.5363;572;28974.4246;15485;4862;3.9472;181;4;179;411;161;446;164;11636;3818;2744;21040
CATALUNYA;GLOBAL;2021-01-23;2021-01-29;Si;;;2202.9505;821.6564;577;29391.6609;15526;5114;3.8848;183;5;176;417;160;443;164;11577;4048;2976;18344
CATALUNYA;GLOBAL;2021-01-22;2021-01-28;Si;;;2274.1512;837.3205;588;30980.8612;16266;5490;3.7467;192;4;180;422;166;437;173;12084;4197;3437;14489
CATALUNYA;GLOBAL;2021-01-21;2021-01-27;Si;;;2301.2075;872.9209;613;31905.0467;17103;5302;3.6907;193;5;188;460;153;460;152;12598;3984;3695;10013
CATALUNYA;GLOBAL;2021-01-20;2021-01-26;Si;;;2447.8810;981.1460;689;32453.2923;17304;5486;4.0215;200;5;184;513;176;509;173;12902;4057;3632;9331
CATALUNYA;GLOBAL;2021-01-19;2021-01-25;Si;;;2667.1793;1236.0446;868;36155.7302;19933;5457;4.5267;222;6;194;638;230;644;213;14954;3978;3889;5791
CATALUNYA;GLOBAL;2021-01-18;2021-01-24;Si;;;2781.1004;1301.5493;914;37357.5985;20794;5440;4.5109;221;6;183;666;248;660;224;15641;3956;4199;4784
CATALUNYA;GLOBAL;2021-01-17;2021-01-23;Si;;;2803.8847;1314.3654;923;37937.1724;21132;5509;4.5404;226;6;176;681;242;683;220;15910;3978;4426;4639
CATALUNYA;GLOBAL;2021-01-16;2021-01-22;Si;;;2843.7571;1381.2941;970;38501.0822;21562;5475;4.6598;232;6;177;717;253;717;220;16201;3907;4757;3828
CATALUNYA;GLOBAL;2021-01-15;2021-01-21;Si;;;2980.4625;1436.8307;1009;39645.9899;22407;5434;4.7069;232;5;161;741;268;752;230;16910;3953;6294;2566
CATALUNYA;GLOBAL;2021-01-14;2021-01-20;Si;;;3120.0159;1428.2866;1003;42345.9216;24150;5587;4.3809;230;7;154;739;264;755;224;18229;4118;8534;1556
CATALUNYA;GLOBAL;2021-01-13;2021-01-19;Si;;;2983.3105;1466.7350;1030;49115.6869;28354;6137;3.8665;226;6;148;769;261;782;217;21407;4430;10716;586
CATALUNYA;GLOBAL;2021-01-12;2021-01-18;Si;;;2796.7646;1431.1346;1005;52789.6445;30851;6220;3.5569;222;5;145;742;263;761;229;23338;4495;13024;244
CATALUNYA;GLOBAL;2021-01-11;2021-01-17;Si;;;2701.3556;1479.5511;1039;56261.3921;33082;6427;3.5133;225;4;138;779;260;817;228;25065;4679;14567;90
CATALUNYA;GLOBAL;2021-01-10;2021-01-16;Si;;;2711.3237;1489.5192;1046;56156.0150;33258;6177;3.4592;220;5;133;779;267;807;224;25310;4495;16272;0
CATALUNYA;GLOBAL;2021-01-09;2021-01-15;Si;;;2674.2993;1462.4629;1027;56796.8215;33824;6061;3.3426;220;6;136;738;289;769;244;25864;4442;19278;0
CATALUNYA;GLOBAL;2021-01-08;2021-01-14;Si;;;2556.1061;1543.6318;1084;57380.6675;34198;6097;3.4191;209;6;132;803;281;816;225;25940;4507;22306;0
CATALUNYA;GLOBAL;2021-01-07;2021-01-13;Si;;;2560.3782;1691.7293;1188;57185.5775;33290;6868;3.8309;197;5;129;831;357;868;299;25408;5055;25504;0
CATALUNYA;GLOBAL;2021-01-06;2021-01-12;Si;;;2484.9054;1516.5755;1065;45656.7555;26178;5884;4.2344;184;5;125;738;327;775;262;20031;4459;24231;0
CATALUNYA;GLOBAL;2021-01-05;2021-01-11;Si;;;2254.2150;1365.6299;959;39171.7931;21204;6304;4.4018;166;7;122;650;309;682;243;16300;4714;26506;0
CATALUNYA;GLOBAL;2021-01-04;2021-01-10;Si;;;2150.2620;1221.8045;858;35319.8336;18040;6763;4.3887;148;8;114;546;312;588;242;13944;4968;25039;0
CATALUNYA;GLOBAL;2021-01-03;2021-01-09;Si;;;2100.4215;1221.8045;858;34320.1754;17249;6852;4.4832;149;7;109;558;300;584;237;13284;5029;22993;0
CATALUNYA;GLOBAL;2021-01-02;2021-01-08;Si;;;2063.3971;1211.8364;851;33367.5096;16513;6919;4.6163;138;6;107;567;284;583;237;12683;5080;20495;0
CATALUNYA;GLOBAL;2021-01-01;2021-01-07;Si;;;1818.4666;1012.4743;711;26536.5117;12489;6146;4.8140;132;6;99;430;281;454;237;9825;4529;15141;0
CATALUNYA;GLOBAL;2020-12-31;2021-01-06;Si;;;1590.6242;868.6488;610;23520.4488;10547;5970;4.4201;132;5;97;391;219;381;183;8322;4438;10784;0
CATALUNYA;GLOBAL;2020-12-30;2021-01-05;Si;;;1700.2734;968.3299;680;28437.5712;12795;7175;4.1341;134;7;96;437;243;424;210;10073;5263;11252;0
CATALUNYA;GLOBAL;2020-12-29;2021-01-04;Si;;;1674.6411;888.5850;624;27913.5338;11869;7733;3.8232;136;7;85;415;209;393;176;9328;5555;6393;0
CATALUNYA;GLOBAL;2020-12-28;2021-01-03;Si;;;1650.4329;928.4575;652;28293.7457;11577;8292;3.8173;147;8;90;433;219;401;179;9100;6094;5066;0
CATALUNYA;GLOBAL;2020-12-27;2021-01-02;Si;;;1616.2565;878.6169;617;28313.6819;11415;8468;3.6799;138;9;96;401;216;385;175;8973;6245;5624;0
CATALUNYA;GLOBAL;2020-12-26;2021-01-01;Si;;;1540.7837;851.5607;598;27848.0291;11048;8508;3.6747;139;13;92;397;201;389;155;8554;6250;4294;0
CATALUNYA;GLOBAL;2020-12-25;2020-12-31;Si;;;1580.6561;805.9922;566;27811.0047;10795;8735;3.5561;141;14;95;384;182;378;145;8358;6349;4292;0
CATALUNYA;GLOBAL;2020-12-24;2020-12-30;Si;;;1556.4479;721.9753;507;35232.9687;10061;14681;2.5223;134;14;96;345;162;347;119;7856;10619;2573;0
CATALUNYA;GLOBAL;2020-12-23;2020-12-29;Si;;;1584.9282;731.9434;514;43186.0902;8882;21445;2.1338;146;13;101;351;163;363;121;6988;15695;897;0
CATALUNYA;GLOBAL;2020-12-22;2020-12-28;Si;;;1705.9694;786.0560;552;55214.7413;9519;29255;1.8227;144;12;111;379;173;397;136;7540;21703;559;0
CATALUNYA;GLOBAL;2020-12-21;2020-12-27;Si;;;1623.3766;721.9753;507;60653.0530;8823;33770;1.5859;148;11;115;330;177;355;155;7076;25083;559;0
CATALUNYA;GLOBAL;2020-12-20;2020-12-26;Si;;;1633.3447;737.6395;518;60375.3702;8875;33523;1.5859;147;10;107;330;188;354;153;7107;24863;0;0
CATALUNYA;GLOBAL;2020-12-19;2020-12-25;Si;;;1629.0726;689.2230;484;59143.5976;8410;33123;1.5034;140;5;104;308;176;331;142;6875;24586;0;0
CATALUNYA;GLOBAL;2020-12-18;2020-12-24;Si;;;1710.2415;774.6639;544;61063.1692;9824;33057;1.5944;132;4;102;367;177;379;141;8027;24587;0;0
CATALUNYA;GLOBAL;2020-12-17;2020-12-23;Si;;;1782.8662;834.4725;586;52828.0929;10840;26258;2.0385;135;4;100;402;184;428;155;8838;19762;0;0
CATALUNYA;GLOBAL;2020-12-16;2020-12-22;Si;;;1760.0820;852.9847;599;41327.7511;10761;18261;2.5395;131;3;93;443;156;445;130;8772;13870;0;0
CATALUNYA;GLOBAL;2020-12-15;2020-12-21;Si;;;1627.6486;919.9134;646;27292.6634;10230;8936;3.9770;126;4;87;496;150;493;116;8412;6901;0;0
CATALUNYA;GLOBAL;2020-12-14;2020-12-20;Si;;;1670.3691;901.4012;633;17565.2198;9943;2392;5.8411;117;4;83;515;118;512;80;8132;2003;0;0
CATALUNYA;GLOBAL;2020-12-13;2020-12-19;Si;;;1636.1927;895.7051;629;17196.4000;9843;2233;6.0935;116;4;85;516;113;521;85;8048;1897;0;0
CATALUNYA;GLOBAL;2020-12-12;2020-12-18;Si;;;1636.1927;939.8496;660;17422.8184;10075;2160;6.2236;123;4;85;534;126;539;94;8311;1860;0;0
CATALUNYA;GLOBAL;2020-12-11;2020-12-17;Si;;;1614.8325;935.5775;657;17088.1749;10087;1913;6.4600;130;4;89;523;134;542;102;8314;1655;0;0
CATALUNYA;GLOBAL;2020-12-10;2020-12-16;Si;;;1573.5361;948.3937;666;15577.2955;9363;1576;7.0854;126;3;96;544;122;555;88;7743;1332;0;0
CATALUNYA;GLOBAL;2020-12-09;2020-12-15;Si;;;1483.8231;907.0972;637;15083.1624;9095;1497;7.3004;120;3;106;489;148;522;120;7561;1233;0;0
CATALUNYA;GLOBAL;2020-12-08;2020-12-14;Si;;;1354.2378;707.7352;497;12581.1688;7480;1355;6.9165;118;1;106;360;137;393;109;6182;1076;0;0
CATALUNYA;GLOBAL;2020-12-07;2020-12-13;Si;;;1331.4536;768.9678;540;12803.3151;7734;1257;7.1891;112;0;105;402;138;420;113;6412;1002;0;0
CATALUNYA;GLOBAL;2020-12-06;2020-12-12;Si;;;1351.3898;740.4875;520;12911.5402;7747;1320;6.7769;109;0;114;394;126;401;107;6429;1067;0;0
CATALUNYA;GLOBAL;2020-12-05;2020-12-11;Si;;;1345.6937;696.3431;489;12636.7053;7596;1278;6.5578;107;0;113;376;113;384;98;6323;1027;0;0
CATALUNYA;GLOBAL;2020-12-04;2020-12-10;Si;;;1394.1102;679.2549;477;12809.0111;7668;1327;6.2715;101;1;114;368;109;377;98;6535;1039;0;0
CATALUNYA;GLOBAL;2020-12-03;2020-12-09;Si;;;1398.3823;625.1424;439;12773.4107;7722;1248;5.7644;103;1;116;329;110;335;102;6601;980;0;0
CATALUNYA;GLOBAL;2020-12-02;2020-12-08;Si;;;1352.8138;576.7259;405;13086.6940;7904;1286;5.1028;100;2;110;324;81;319;73;6698;984;0;0
CATALUNYA;GLOBAL;2020-12-01;2020-12-07;Si;;;1539.3597;646.5026;454;15349.4531;9427;1352;5.0729;103;2;114;359;95;369;90;7965;1083;0;0
CATALUNYA;GLOBAL;2020-11-30;2020-12-06;Si;;;1441.1027;562.4857;395;15264.0123;9413;1306;4.6963;98;3;123;308;87;337;86;7947;1060;0;0
CATALUNYA;GLOBAL;2020-11-29;2020-12-05;Si;;;1439.6787;610.9022;429;15140.1230;9386;1246;4.9265;101;3;118;325;104;340;99;7909;1002;0;0
CATALUNYA;GLOBAL;2020-11-28;2020-12-04;Si;;;1472.4310;649.3506;456;15254.0442;9395;1317;5.3820;109;3;131;349;107;373;106;7823;1077;0;0
CATALUNYA;GLOBAL;2020-11-27;2020-12-03;Si;;;1583.5042;714.8553;502;15265.4363;9548;1172;5.9952;111;3;128;393;109;422;106;7827;980;0;0
CATALUNYA;GLOBAL;2020-11-26;2020-12-02;Si;;;1673.2171;773.2399;543;14467.9881;9044;1116;6.4450;109;4;127;408;135;430;107;7421;911;0;0
CATALUNYA;GLOBAL;2020-11-25;2020-12-01;Si;;;1745.8418;776.0879;545;13639.2116;8585;993;7.9223;108;4;142;402;143;503;117;6994;832;0;0
CATALUNYA;GLOBAL;2020-11-24;2020-11-30;Si;;;1845.5228;892.8571;627;13847.1177;8689;1035;7.8650;105;5;131;490;137;508;112;7015;868;0;0
CATALUNYA;GLOBAL;2020-11-23;2020-11-29;Si;;;1879.6992;878.6169;617;14008.0314;8728;1109;7.4060;102;4;126;483;134;482;105;7002;924;0;0
CATALUNYA;GLOBAL;2020-11-22;2020-11-28;Si;;;1845.5228;828.7764;582;14055.0239;8714;1156;7.2013;99;4;123;461;121;476;96;6992;951;0;0
CATALUNYA;GLOBAL;2020-11-21;2020-11-27;Si;;;1874.0031;823.0804;578;13914.0464;8677;1094;6.9682;94;5;110;452;126;456;94;7011;882;0;0
CATALUNYA;GLOBAL;2020-11-20;2020-11-26;Si;;;1950.8999;868.6488;610;14022.2715;8756;1091;7.0500;95;4;108;485;125;475;89;7110;890;0;0
CATALUNYA;GLOBAL;2020-11-19;2020-11-25;Si;;;2014.9806;899.9772;632;15097.4025;9492;1110;7.2370;103;4;110;517;115;523;92;7589;909;0;0
CATALUNYA;GLOBAL;2020-11-18;2020-11-24;Si;;;2093.3014;969.7539;681;16061.4604;10162;1117;6.3355;99;4;106;556;125;475;99;8140;920;0;0
CATALUNYA;GLOBAL;2020-11-17;2020-11-23;Si;;;2198.6785;952.6657;669;16028.7081;10128;1128;7.0986;98;4;125;544;125;538;104;8126;918;0;0
CATALUNYA;GLOBAL;2020-11-16;2020-11-22;Si;;;2284.1193;1001.0822;703;16068.5805;10298;986;7.5243;127;6;130;569;134;573;109;8265;799;0;0
CATALUNYA;GLOBAL;2020-11-15;2020-11-21;Si;;;2309.7516;1016.7464;714;16038.6762;10346;917;7.6830;132;6;136;579;135;585;112;8322;750;0;0
CATALUNYA;GLOBAL;2020-11-14;2020-11-20;Si;;;2452.1531;1050.9227;738;16423.1601;10603;930;7.6733;133;6;144;609;129;610;105;8558;760;0;0
CATALUNYA;GLOBAL;2020-11-13;2020-11-19;Si;;;2453.5771;1082.2510;760;16726.4752;10736;1010;7.7175;142;7;155;598;162;601;130;8636;836;0;0
CATALUNYA;GLOBAL;2020-11-12;2020-11-18;Si;;;2526.2018;1115.0034;783;16566.9856;10565;1069;8.0367;148;8;157;624;159;625;138;8603;891;0;0
CATALUNYA;GLOBAL;2020-11-11;2020-11-17;Si;;;2581.7384;1123.5475;789;16770.6197;10674;1103;8.0814;160;7;159;646;143;656;122;8735;892;0;0
CATALUNYA;GLOBAL;2020-11-10;2020-11-16;Si;;;2712.7477;1246.0127;875;17716.1654;11358;1083;8.5422;164;7;157;713;162;736;133;9302;871;0;0
CATALUNYA;GLOBAL;2020-11-09;2020-11-15;Si;;;2852.3012;1283.0371;901;18456.6529;11763;1198;8.1847;147;6;162;722;179;715;148;9575;969;0;0
CATALUNYA;GLOBAL;2020-11-08;2020-11-14;Si;;;2923.5019;1293.0052;908;18597.6304;11846;1214;8.2087;148;6;171;724;184;724;149;9653;982;0;0
CATALUNYA;GLOBAL;2020-11-07;2020-11-13;Si;;;2980.4625;1401.2303;984;18661.7110;11871;1234;8.8756;157;7;166;799;185;798;150;9675;1006;0;0
CATALUNYA;GLOBAL;2020-11-06;2020-11-12;Si;;;3008.9428;1371.3260;963;18462.3490;11436;1529;8.8073;151;8;168;782;181;781;145;9255;1259;0;0
CATALUNYA;GLOBAL;2020-11-05;2020-11-11;Si;;;2961.9503;1411.1984;991;19409.3187;12024;1606;8.6184;143;7;171;784;207;795;160;9749;1332;0;0
CATALUNYA;GLOBAL;2020-11-04;2020-11-10;Si;;;2993.2786;1458.1909;1024;19823.7069;12142;1779;8.8035;163;8;161;799;225;819;178;9841;1484;0;0
CATALUNYA;GLOBAL;2020-11-03;2020-11-09;Si;;;2969.0704;1466.7350;1030;19350.9341;11492;2097;8.5559;179;8;165;780;250;756;186;9257;1753;0;0
CATALUNYA;GLOBAL;2020-11-02;2020-11-08;Si;;;3050.2392;1569.2640;1102;18727.2157;10800;2351;9.7823;194;7;161;823;279;833;214;8784;1919;0;0
CATALUNYA;GLOBAL;2020-11-01;2020-11-07;Si;;;3101.5037;1630.4966;1145;18900.9455;10911;2362;9.9472;196;7;152;864;281;854;220;8870;1927;0;0
CATALUNYA;GLOBAL;2020-10-31;2020-11-06;Si;;;3045.9671;1579.2321;1109;19490.4875;11263;2424;9.3702;197;7;163;816;293;818;228;9172;1991;0;0
CATALUNYA;GLOBAL;2020-10-30;2020-11-05;Si;;;3155.6163;1637.6167;1150;20162.6224;11687;2472;9.2591;208;6;167;857;293;850;231;9659;2016;0;0
CATALUNYA;GLOBAL;2020-10-29;2020-11-04;Si;;;3325.0740;1550.7518;1089;19368.0223;11197;2404;8.9148;208;9;149;803;286;777;217;9198;1952;0;0
CATALUNYA;GLOBAL;2020-10-28;2020-11-03;Si;;;3514.4679;1535.0877;1078;18623.2627;10760;2318;9.0339;181;10;145;795;283;774;206;8941;1907;0;0
CATALUNYA;GLOBAL;2020-10-27;2020-11-02;Si;;;3544.3722;1502.3353;1055;19244.1330;11644;1870;8.7313;169;14;129;820;235;810;179;9787;1540;0;0
CATALUNYA;GLOBAL;2020-10-26;2020-11-01;Si;;;3504.4998;1480.9751;1040;18972.1462;11899;1424;8.9675;168;15;123;856;184;874;137;10072;1202;0;0
CATALUNYA;GLOBAL;2020-10-25;2020-10-31;Si;;;3440.4192;1471.0070;1033;19192.8685;12078;1400;8.8681;180;15;113;845;188;874;139;10239;1184;0;0
CATALUNYA;GLOBAL;2020-10-24;2020-10-30;Si;;;3346.4342;1466.7350;1030;19350.9341;12301;1288;8.9059;173;13;95;852;178;886;138;10429;1069;0;0
CATALUNYA;GLOBAL;2020-10-23;2020-10-29;Si;;;3208.3048;1517.9995;1066;18495.1013;12175;813;10.1587;166;13;79;913;153;974;127;10166;672;0;0
CATALUNYA;GLOBAL;2020-10-22;2020-10-28;Si;;;3182.6725;1774.3221;1246;18335.6117;12156;720;12.2005;169;10;81;1097;149;1195;129;10253;599;0;0
CATALUNYA;GLOBAL;2020-10-21;2020-10-27;Si;;;3107.1998;1979.3802;1390;18600.4784;12576;486;12.9510;169;11;71;1233;157;1280;138;10543;406;0;0
CATALUNYA;GLOBAL;2020-10-20;2020-10-26;Si;;;2859.4212;2042.0369;1434;17669.1729;12000;408;13.5499;163;7;63;1279;155;1284;126;10064;342;0;0
CATALUNYA;GLOBAL;2020-10-19;2020-10-25;Si;;;2625.8828;2023.5247;1421;17595.1241;12021;335;13.0139;144;8;64;1283;138;1229;110;10005;284;0;0
CATALUNYA;GLOBAL;2020-10-18;2020-10-24;Si;;;2605.9466;1969.4121;1383;17073.9348;11696;294;13.0688;129;8;61;1263;120;1212;92;9729;249;0;0
CATALUNYA;GLOBAL;2020-10-17;2020-10-23;Si;;;2494.8735;1879.6992;1320;15639.9521;10732;251;13.4209;121;8;59;1209;111;1144;82;8918;217;0;0
CATALUNYA;GLOBAL;2020-10-16;2020-10-22;Si;;;2261.3351;1690.3053;1187;14536.3408;10042;166;12.5275;116;7;61;1095;92;1024;59;8496;149;0;0
CATALUNYA;GLOBAL;2020-10-15;2020-10-21;Si;;;1970.8361;1408.3504;989;13896.9583;9688;71;9.8813;111;7;57;934;55;784;32;8192;66;0;0
CATALUNYA;GLOBAL;2020-10-14;2020-10-20;Si;;;1620.5285;1127.8195;792;12359.0225;8658;21;8.8985;111;5;58;770;22;655;5;7400;17;0;0
CATALUNYA;GLOBAL;2020-10-13;2020-10-19;Si;;;1312.9414;817.3843;574;10775.5183;7558;9;7.7029;104;4;61;566;8;502;3;6550;6;0;0
CATALUNYA;GLOBAL;2020-10-12;2020-10-18;Si;;;1139.2116;602.3581;423;8757.6896;6148;2;7.0299;104;4;52;417;6;377;1;5375;2;0;0
CATALUNYA;GLOBAL;2020-10-11;2020-10-17;Si;;;1112.1553;636.5345;447;8952.7796;6286;1;7.2598;102;5;52;442;5;398;1;5495;1;0;0
CATALUNYA;GLOBAL;2020-10-10;2020-10-16;Si;;;1070.8589;615.1742;432;9256.0947;6500;0;6.9378;97;5;56;429;3;389;0;5607;0;0;0
CATALUNYA;GLOBAL;2020-10-09;2020-10-15;Si;;;1126.3955;571.0298;401;8518.4552;5982;0;6.8003;98;5;52;397;4;346;0;5088;0;0;0
CATALUNYA;GLOBAL;2020-10-08;2020-10-14;Si;;;992.5381;562.4857;395;7487.4686;5258;0;8.4009;94;5;51;392;3;373;0;4440;0;0;0
CATALUNYA;GLOBAL;2020-10-07;2020-10-13;Si;;;922.7614;492.7090;346;7157.0972;5026;0;7.8110;91;4;54;344;2;329;0;4212;0;0;0
CATALUNYA;GLOBAL;2020-10-06;2020-10-12;Si;;;985.4180;495.5570;348;6873.7183;4827;0;8.3939;93;4;55;346;2;335;0;3991;0;0;0
CATALUNYA;GLOBAL;2020-10-05;2020-10-11;Si;;;1029.5625;536.8534;377;7598.5418;5336;0;8.2195;92;3;54;375;2;367;0;4465;0;0;0
CATALUNYA;GLOBAL;2020-10-04;2020-10-10;Si;;;964.0578;475.6208;334;7336.5231;5152;0;7.5708;89;2;56;332;2;326;0;4306;0;0;0
CATALUNYA;GLOBAL;2020-10-03;2020-10-09;Si;;;939.8496;455.6846;320;6886.5345;4836;0;7.6251;87;2;49;318;2;314;0;4118;0;0;0
CATALUNYA;GLOBAL;2020-10-02;2020-10-08;Si;;;899.9772;555.3656;390;8118.3071;5701;0;7.9615;80;2;44;390;0;389;0;4886;0;0;0
CATALUNYA;GLOBAL;2020-10-01;2020-10-07;Si;;;794.6001;430.0524;302;7750.9113;5443;0;6.5809;79;2;43;302;0;307;0;4665;0;0;0
CATALUNYA;GLOBAL;2020-09-30;2020-10-06;Si;;;737.6395;430.0524;302;7537.3091;5293;0;6.8222;73;2;41;302;0;310;0;4544;0;0;0
CATALUNYA;GLOBAL;2020-09-29;2020-10-05;Si;;;700.6151;489.8610;344;7528.7650;5286;1;7.9097;69;3;40;344;0;361;0;4563;1;0;0
CATALUNYA;GLOBAL;2020-09-28;2020-10-04;Si;;;689.2230;492.7090;346;7994.4178;5613;1;7.2490;59;2;37;346;0;356;0;4910;1;0;0
CATALUNYA;GLOBAL;2020-09-27;2020-10-03;Si;;;699.1911;488.4370;343;7864.8325;5522;1;7.2765;58;2;35;343;0;350;0;4809;1;0;0
CATALUNYA;GLOBAL;2020-09-26;2020-10-02;Si;;;714.8553;484.1649;340;7943.1533;5577;1;7.1164;60;2;34;340;0;346;0;4861;1;0;0
CATALUNYA;GLOBAL;2020-09-25;2020-10-01;Si;;;593.8140;344.6115;242;6806.7897;4777;3;5.8684;59;2;34;242;0;248;0;4223;3;0;0
CATALUNYA;GLOBAL;2020-09-24;2020-09-30;Si;;;610.9022;364.5477;256;7102.9847;4985;3;5.6137;56;1;37;256;0;252;0;4486;3;0;0
CATALUNYA;GLOBAL;2020-09-23;2020-09-29;Si;;;609.4782;307.5871;216;7122.9209;4998;4;4.7014;58;1;37;216;0;211;0;4485;3;0;0
CATALUNYA;GLOBAL;2020-09-22;2020-09-28;Si;;;505.5251;210.7541;148;6997.6076;4911;3;2.9093;61;1;33;148;0;129;0;4432;2;0;0
CATALUNYA;GLOBAL;2020-09-21;2020-09-27;Si;;;512.6452;196.5140;138;6541.9229;4591;3;3.0803;63;2;33;138;0;127;0;4121;2;0;0
CATALUNYA;GLOBAL;2020-09-20;2020-09-26;Si;;;582.4219;210.7541;148;6536.2269;4587;3;3.4116;67;2;28;148;0;141;0;4131;2;0;0
CATALUNYA;GLOBAL;2020-09-19;2020-09-25;Si;;;653.6226;230.6903;162;6586.0674;4622;3;3.4806;61;2;33;162;0;145;0;4164;2;0;0
CATALUNYA;GLOBAL;2020-09-18;2020-09-24;Si;;;630.8384;249.2025;175;6688.5964;4696;1;3.9304;56;3;30;175;0;165;0;4198;0;0;0
CATALUNYA;GLOBAL;2020-09-17;2020-09-23;Si;;;616.5983;246.3545;173;6623.0918;4650;1;4.2702;49;3;22;173;0;177;0;4145;0;0;0
CATALUNYA;GLOBAL;2020-09-16;2020-09-22;Si;;;616.5983;301.8910;212;6588.9154;4627;0;5.2606;47;4;18;212;0;217;0;4125;0;0;0
CATALUNYA;GLOBAL;2020-09-15;2020-09-21;Si;;;612.3262;294.7710;207;6301.2645;4425;0;5.8063;42;3;17;207;0;229;0;3944;0;0;0
CATALUNYA;GLOBAL;2020-09-14;2020-09-20;Si;;;592.3900;316.1312;222;6805.3656;4779;0;5.4240;41;2;21;222;0;229;0;4222;0;0;0
CATALUNYA;GLOBAL;2020-09-13;2020-09-19;Si;;;583.8459;371.6678;261;6848.0861;4809;0;6.2368;31;2;21;261;0;265;0;4249;0;0;0
CATALUNYA;GLOBAL;2020-09-12;2020-09-18;Si;;;569.6058;422.9323;297;6798.2456;4774;0;7.0126;34;2;15;297;0;296;0;4221;0;0;0
CATALUNYA;GLOBAL;2020-09-11;2020-09-17;Si;;;546.8215;381.6359;268;5886.8762;4134;0;7.1253;31;1;16;268;0;261;0;3663;0;0;0
CATALUNYA;GLOBAL;2020-09-10;2020-09-16;Si;;;553.9416;370.2437;260;6190.1913;4347;0;6.4891;36;1;18;260;0;251;0;3868;0;0;0
CATALUNYA;GLOBAL;2020-09-09;2020-09-15;Si;;;559.6377;314.7072;221;6405.2175;4498;0;5.2697;31;0;18;221;0;211;0;4004;0;0;0
CATALUNYA;GLOBAL;2020-09-08;2020-09-14;Si;;;572.4538;317.5552;223;6868.0223;4823;0;4.7675;31;0;19;223;0;203;0;4258;0;0;0
CATALUNYA;GLOBAL;2020-09-07;2020-09-13;Si;;;532.5814;276.2588;194;6365.3451;4470;0;4.7729;34;0;12;194;0;186;0;3897;0;0;0
CATALUNYA;GLOBAL;2020-09-06;2020-09-12;Si;;;467.0767;212.1781;149;6318.3526;4437;0;3.6664;42;0;18;149;0;142;0;3873;0;0;0
CATALUNYA;GLOBAL;2020-09-05;2020-09-11;Si;;;391.6040;146.6735;103;6242.8799;4384;0;2.9874;43;1;18;103;0;114;0;3816;0;0;0
CATALUNYA;GLOBAL;2020-09-04;2020-09-10;Si;;;422.9323;165.1856;116;7861.9845;5521;0;2.6708;45;1;18;116;0;129;0;4830;0;0;0
CATALUNYA;GLOBAL;2020-09-03;2020-09-09;Si;;;438.5964;183.6978;129;8230.8042;5780;0;3.0004;47;1;24;129;0;152;0;5066;0;0;0
CATALUNYA;GLOBAL;2020-09-02;2020-09-08;Si;;;495.5570;244.9305;172;8069.8906;5667;0;3.4545;49;1;25;172;0;172;0;4979;0;0;0
CATALUNYA;GLOBAL;2020-09-01;2020-09-07;Si;;;531.1574;254.8986;179;8075.5866;5671;0;3.5444;49;1;28;179;0;178;0;5022;0;0;0
CATALUNYA;GLOBAL;2020-08-31;2020-09-06;Si;;;518.3413;256.3226;180;8175.2677;5740;1;3.4321;49;1;27;180;0;176;0;5127;1;0;0
CATALUNYA;GLOBAL;2020-08-30;2020-09-05;Si;;;521.1893;254.8986;179;8165.2996;5733;1;3.4018;46;1;26;179;0;174;0;5114;1;0;0
CATALUNYA;GLOBAL;2020-08-29;2020-09-04;Si;;;528.3094;244.9305;172;8158.1795;5728;1;3.1740;41;0;28;172;0;162;0;5103;1;0;0
CATALUNYA;GLOBAL;2020-08-28;2020-09-03;Si;;;543.9735;257.7466;181;7752.3353;5443;1;3.5282;41;0;29;181;0;172;0;4874;1;0;0
CATALUNYA;GLOBAL;2020-08-27;2020-09-02;Si;;;545.3975;254.8986;179;7414.8439;5206;1;3.4739;36;0;24;179;0;159;0;4576;1;0;0
CATALUNYA;GLOBAL;2020-08-26;2020-09-01;Si;;;467.0767;250.6265;176;7786.5117;5467;1;3.6929;38;0;26;176;0;178;0;4819;1;0;0
CATALUNYA;GLOBAL;2020-08-25;2020-08-31;Si;;;464.2287;276.2588;194;7877.6486;5531;1;3.9795;40;0;24;194;0;194;0;4874;1;0;0
CATALUNYA;GLOBAL;2020-08-24;2020-08-30;Si;;;437.1724;262.0186;184;8010.0820;5625;0;3.7074;39;0;32;184;0;185;0;4990;0;0;0
CATALUNYA;GLOBAL;2020-08-23;2020-08-29;Si;;;440.0205;266.2907;187;8028.5942;5638;0;4.0743;37;1;31;187;0;204;0;5007;0;0;0
CATALUNYA;GLOBAL;2020-08-22;2020-08-28;Si;;;444.2925;283.3789;199;8236.5003;5784;0;4.0023;41;1;32;199;0;205;0;5122;0;0;0
CATALUNYA;GLOBAL;2020-08-21;2020-08-27;Si;;;420.0843;286.2269;201;8222.2601;5774;0;3.7987;45;1;32;201;0;194;0;5107;0;0;0
CATALUNYA;GLOBAL;2020-08-20;2020-08-26;Si;;;414.3882;290.4989;204;7770.8475;5457;0;3.9834;43;1;35;204;0;192;0;4820;0;0;0
CATALUNYA;GLOBAL;2020-08-19;2020-08-25;Si;;;377.3638;216.4502;152;7248.2342;5090;0;3.2794;40;2;33;152;0;146;0;4452;0;0;0
CATALUNYA;GLOBAL;2020-08-18;2020-08-24;Si;;;393.0280;187.9699;132;7091.5926;4980;0;2.8928;40;3;33;132;0;123;0;4252;0;0;0
CATALUNYA;GLOBAL;2020-08-17;2020-08-23;Si;;;414.3882;175.1537;123;6682.9004;4693;0;2.9294;44;3;28;123;0;117;0;3994;0;0;0
CATALUNYA;GLOBAL;2020-08-16;2020-08-22;Si;;;410.1161;173.7297;122;6731.3169;4727;0;2.4869;45;3;25;122;0;100;0;4021;0;0;0
CATALUNYA;GLOBAL;2020-08-15;2020-08-21;Si;;;398.7240;160.9136;113;6512.0186;4573;0;2.6167;45;3;24;113;0;102;0;3898;0;0;0
CATALUNYA;GLOBAL;2020-08-14;2020-08-20;Si;;;451.4126;133.8573;94;6027.8537;4233;0;2.8189;41;3;27;94;0;101;0;3583;0;0;0
CATALUNYA;GLOBAL;2020-08-13;2020-08-19;Si;;;472.7728;123.8892;87;6356.8010;4463;1;2.4332;47;4;24;87;0;92;0;3780;1;0;0
CATALUNYA;GLOBAL;2020-08-12;2020-08-18;Si;;;492.7090;160.9136;113;6662.9642;4678;1;3.0166;54;3;25;113;0;120;0;3977;1;0;0
CATALUNYA;GLOBAL;2020-08-11;2020-08-17;Si;;;512.6452;205.0580;144;6549.0430;4598;1;3.8452;57;2;27;144;0;153;0;3978;1;0;0
CATALUNYA;GLOBAL;2020-08-10;2020-08-16;Si;;;529.7334;239.2344;168;6577.5233;4618;1;4.2042;55;3;26;168;0;168;0;3995;1;0;0
CATALUNYA;GLOBAL;2020-08-09;2020-08-15;Si;;;526.8853;236.3864;166;6445.0899;4525;1;4.2689;55;3;30;166;0;167;0;3911;1;0;0
CATALUNYA;GLOBAL;2020-08-08;2020-08-14;Si;;;529.7334;237.8104;167;6645.8760;4666;1;4.3037;53;4;30;167;0;174;0;4042;1;0;0
CATALUNYA;GLOBAL;2020-08-07;2020-08-13;Si;;;549.6696;317.5552;223;6748.4051;4738;1;5.2606;56;4;27;223;0;215;0;4086;1;0;0
CATALUNYA;GLOBAL;2020-08-06;2020-08-12;Si;;;571.0298;348.8835;245;6677.2043;4689;0;5.8722;51;3;28;245;0;238;0;4053;0;0;0
CATALUNYA;GLOBAL;2020-08-05;2020-08-11;Si;;;603.7821;331.7953;233;6623.0918;4651;0;5.4709;48;4;28;233;0;219;0;4003;0;0;0
CATALUNYA;GLOBAL;2020-08-04;2020-08-10;Si;;;610.9022;307.5871;216;6623.0918;4651;0;5.1624;44;4;28;216;0;205;0;3971;0;0;0
CATALUNYA;GLOBAL;2020-08-03;2020-08-09;Si;;;596.6621;290.4989;204;6613.1237;4644;0;5.0706;49;3;30;204;0;201;0;3964;0;0;0
CATALUNYA;GLOBAL;2020-08-02;2020-08-08;Si;;;596.6621;290.4989;204;6798.2456;4774;0;4.9619;51;2;29;204;0;202;0;4071;0;0;0
CATALUNYA;GLOBAL;2020-08-01;2020-08-07;Si;;;603.7821;291.9229;205;6986.2155;4906;0;4.8546;55;1;30;205;0;202;0;4161;0;0;0
CATALUNYA;GLOBAL;2020-07-31;2020-08-06;Si;;;551.0936;232.1143;163;7141.4331;5015;0;3.7758;55;1;30;163;0;161;0;4264;0;0;0
CATALUNYA;GLOBAL;2020-07-30;2020-08-05;Si;;;516.9172;222.1462;156;7037.4800;4941;1;3.9480;60;1;29;156;0;167;0;4229;1;0;0
CATALUNYA;GLOBAL;2020-07-29;2020-08-04;Si;;;518.3413;271.9867;191;7097.2886;4983;1;4.8707;67;0;28;191;0;209;0;4290;1;0;0
CATALUNYA;GLOBAL;2020-07-28;2020-08-03;Si;;;494.1330;303.3151;213;7033.2080;4938;1;5.1797;68;0;27;213;0;222;0;4285;1;0;0
CATALUNYA;GLOBAL;2020-07-27;2020-08-02;Si;;;512.6452;306.1631;215;6838.1180;4801;1;5.1720;66;0;27;215;0;215;0;4156;1;0;0
CATALUNYA;GLOBAL;2020-07-26;2020-08-01;Si;;;529.7334;306.1631;215;6856.6302;4813;2;5.1998;62;0;28;215;0;216;0;4152;2;0;0
CATALUNYA;GLOBAL;2020-07-25;2020-07-31;Si;;;571.0298;311.8591;219;6728.4688;4723;2;5.2005;63;1;28;219;0;214;0;4113;2;0;0
CATALUNYA;GLOBAL;2020-07-24;2020-07-30;Si;;;568.1818;318.9792;224;6638.7559;4660;2;5.5203;65;1;27;224;0;226;0;4092;2;0;0
CATALUNYA;GLOBAL;2020-07-23;2020-07-29;Si;;;549.6696;294.7710;207;6635.9079;4659;1;4.8348;66;1;25;207;0;199;0;4115;1;0;0
CATALUNYA;GLOBAL;2020-07-22;2020-07-28;Si;;;551.0936;246.3545;173;6628.7878;4654;1;3.8031;54;1;24;173;0;153;0;4022;1;0;0
CATALUNYA;GLOBAL;2020-07-21;2020-07-27;Si;;;488.4370;190.8179;134;6507.7466;4569;1;3.0527;54;1;21;134;0;120;0;3930;1;0;0
CATALUNYA;GLOBAL;2020-07-20;2020-07-26;Si;;;484.1649;206.4821;145;6682.9004;4692;1;3.4414;48;2;19;145;0;139;0;4038;1;0;0
CATALUNYA;GLOBAL;2020-07-19;2020-07-25;Si;;;485.5889;223.5702;157;6795.3975;4772;0;3.5999;57;2;13;157;0;149;0;4139;0;0;0
CATALUNYA;GLOBAL;2020-07-18;2020-07-24;Si;;;478.4688;259.1706;182;6792.5495;4770;0;4.6377;53;1;11;182;0;192;0;4140;0;0;0
CATALUNYA;GLOBAL;2020-07-17;2020-07-23;Si;;;454.2606;249.2025;175;6608.8516;4641;0;4.6992;49;1;9;175;0;189;0;4022;0;0;0
CATALUNYA;GLOBAL;2020-07-16;2020-07-22;Si;;;452.8366;254.8986;179;6356.8010;4463;1;4.7297;47;1;8;179;0;182;0;3847;1;0;0
CATALUNYA;GLOBAL;2020-07-15;2020-07-21;Si;;;451.4126;304.7391;214;6136.0788;4308;1;5.9795;50;1;9;214;0;228;0;3812;1;0;0
CATALUNYA;GLOBAL;2020-07-14;2020-07-20;Si;;;468.5007;297.6190;209;6107.5985;4288;1;5.9162;48;1;9;209;0;226;0;3819;1;0;0
CATALUNYA;GLOBAL;2020-07-13;2020-07-19;Si;;;430.0524;277.6828;195;6019.3096;4226;1;5.5336;49;0;7;195;0;210;0;3794;1;0;0
CATALUNYA;GLOBAL;2020-07-12;2020-07-18;Si;;;405.8441;262.0186;184;5931.0207;4164;1;5.5036;41;0;9;184;0;206;0;3742;1;0;0
CATALUNYA;GLOBAL;2020-07-11;2020-07-17;Si;;;368.8197;219.2982;154;5592.1052;3926;1;4.4172;40;0;9;154;0;155;0;3508;1;0;0
CATALUNYA;GLOBAL;2020-07-10;2020-07-16;Si;;;337.4914;205.0580;144;5509.5124;3867;2;4.1000;38;0;9;144;0;141;0;3437;2;0;0
CATALUNYA;GLOBAL;2020-07-09;2020-07-15;Si;;;316.1312;197.9380;139;5717.4185;4013;2;4.1088;29;0;10;139;0;148;0;3600;2;0;0
CATALUNYA;GLOBAL;2020-07-08;2020-07-14;Si;;;236.3864;146.6735;103;5500.9683;3861;2;2.9838;26;0;9;103;0;103;0;3450;2;0;0
CATALUNYA;GLOBAL;2020-07-07;2020-07-13;Si;;;220.7222;170.8817;120;5399.8632;3790;2;2.8274;27;2;10;120;0;95;0;3358;2;0;0
CATALUNYA;GLOBAL;2020-07-06;2020-07-12;Si;;;196.5140;152.3695;107;5122.1804;3594;3;2.5990;32;2;12;107;0;82;0;3152;3;0;0
CATALUNYA;GLOBAL;2020-07-05;2020-07-11;Si;;;189.3939;143.8254;101;4868.7058;3416;3;2.3085;32;2;10;101;0;69;0;2986;3;0;0
CATALUNYA;GLOBAL;2020-07-04;2020-07-10;Si;;;182.2738;149.5215;105;4761.9047;3341;3;2.6758;31;2;9;105;0;78;0;2912;3;0;0
CATALUNYA;GLOBAL;2020-07-03;2020-07-09;Si;;;179.4258;132.4333;93;4444.3495;3119;2;2.4664;31;2;11;93;0;66;0;2674;2;0;0
CATALUNYA;GLOBAL;2020-07-02;2020-07-08;Si;;;156.6416;118.1932;83;4072.6817;2858;2;2.2814;36;2;11;83;0;54;0;2365;2;0;0
CATALUNYA;GLOBAL;2020-07-01;2020-07-07;Si;;;126.7372;89.7129;63;3879.0157;2722;2;1.6562;38;2;10;63;0;37;0;2232;2;0;0
CATALUNYA;GLOBAL;2020-06-30;2020-07-06;Si;;;95.4089;49.8405;35;3726.6461;2614;3;1.5130;36;0;10;35;0;32;0;2113;2;0;0
CATALUNYA;GLOBAL;2020-06-29;2020-07-05;Si;;;89.7129;44.1444;31;3558.6124;2497;2;1.5075;35;0;10;31;0;30;0;1989;1;0;0
CATALUNYA;GLOBAL;2020-06-28;2020-07-04;Si;;;89.7129;45.5684;32;3604.1809;2529;2;1.5423;34;0;12;32;0;31;0;2009;1;0;0
CATALUNYA;GLOBAL;2020-06-27;2020-07-03;Si;;;76.8967;32.7523;23;3654.0214;2564;2;1.0870;35;0;12;23;0;22;0;2023;1;0;0
CATALUNYA;GLOBAL;2020-06-26;2020-07-02;Si;;;78.3208;46.9924;33;3839.1433;2694;2;1.4540;36;0;12;33;0;31;0;2131;1;0;0
CATALUNYA;GLOBAL;2020-06-25;2020-07-01;Si;;;81.1688;38.4483;27;3632.6611;2550;1;1.2955;34;0;12;27;0;26;0;2007;0;0;0
CATALUNYA;GLOBAL;2020-06-24;2020-06-30;Si;;;92.5609;37.0243;26;3253.8733;2284;1;1.4558;33;0;13;26;0;26;0;1786;0;0;0
CATALUNYA;GLOBAL;2020-06-23;2020-06-29;Si;;;99.6810;45.5684;32;3249.6012;2282;0;1.8561;34;0;12;32;0;32;0;1724;0;0;0
CATALUNYA;GLOBAL;2020-06-22;2020-06-28;Si;;;103.9530;45.5684;32;3305.1378;2321;0;1.8605;30;0;12;32;0;32;0;1720;0;0;0
CATALUNYA;GLOBAL;2020-06-21;2020-06-27;Si;;;112.4971;44.1444;31;3249.6012;2282;0;1.8343;29;0;11;31;0;31;0;1690;0;0;0
CATALUNYA;GLOBAL;2020-06-20;2020-06-26;Si;;;112.4971;44.1444;31;3243.9052;2278;0;1.8300;33;0;14;31;0;31;0;1694;0;0;0
CATALUNYA;GLOBAL;2020-06-19;2020-06-25;Si;;;121.0412;31.3283;22;3152.7682;2214;0;1.3125;35;0;13;22;0;21;0;1600;0;0;0
CATALUNYA;GLOBAL;2020-06-18;2020-06-24;Si;;;119.6172;42.7204;30;3426.1790;2406;0;1.8594;34;0;12;30;0;32;0;1721;0;0;0
CATALUNYA;GLOBAL;2020-06-17;2020-06-23;Si;;;136.7053;55.5365;39;4037.0813;2835;0;1.9990;33;0;12;39;0;39;0;1951;0;0;0
CATALUNYA;GLOBAL;2020-06-16;2020-06-22;Si;;;136.7053;54.1125;38;4205.1150;2952;1;1.9667;36;1;13;38;0;39;0;1982;1;0;0
CATALUNYA;GLOBAL;2020-06-15;2020-06-21;Si;;;169.4577;58.3845;41;4273.4677;3000;1;2.0528;35;2;17;41;0;42;0;2045;1;0;0
CATALUNYA;GLOBAL;2020-06-14;2020-06-20;Si;;;189.3939;68.3526;48;4334.7003;3043;1;2.3969;37;2;20;48;0;50;0;2085;1;0;0
CATALUNYA;GLOBAL;2020-06-13;2020-06-19;Si;;;196.5140;68.3526;48;4361.7566;3062;1;2.3969;33;2;20;48;0;50;0;2085;1;0;0
CATALUNYA;GLOBAL;2020-06-12;2020-06-18;Si;;;216.4502;89.7129;63;4877.2499;3424;1;2.9743;30;2;20;63;0;66;0;2218;1;0;0
CATALUNYA;GLOBAL;2020-06-11;2020-06-17;Si;;;239.2344;76.8967;54;4959.8427;3482;1;2.4601;31;3;24;54;0;54;0;2194;1;0;0
CATALUNYA;GLOBAL;2020-06-10;2020-06-16;Si;;;234.9624;81.1688;57;5136.4205;3606;1;2.5801;37;4;25;57;0;58;0;2247;1;0;0
CATALUNYA;GLOBAL;2020-06-09;2020-06-15;Si;;;244.9305;82.5928;58;5491.0002;3855;1;2.8049;36;3;22;58;0;66;0;2352;1;0;0
CATALUNYA;GLOBAL;2020-06-08;2020-06-14;Si;;;249.2025;111.0731;78;5780.0751;4058;1;3.0869;39;2;20;78;0;76;0;2461;1;0;0
CATALUNYA;GLOBAL;2020-06-07;2020-06-13;Si;;;243.5064;121.0412;85;5889.7243;4135;1;3.2661;38;2;19;85;0;81;0;2479;1;0;0
CATALUNYA;GLOBAL;2020-06-06;2020-06-12;Si;;;269.1387;128.1613;90;6096.2064;4280;1;3.4279;38;2;21;90;0;87;0;2537;1;0;0
CATALUNYA;GLOBAL;2020-06-05;2020-06-11;Si;;;296.1950;126.7372;89;6396.6735;4491;1;3.2329;44;2;24;89;0;88;0;2721;1;0;0
CATALUNYA;GLOBAL;2020-06-04;2020-06-10;Si;;;333.2194;162.3376;114;6886.5345;4835;1;3.2906;44;1;25;114;0;95;0;2886;1;0;0
CATALUNYA;GLOBAL;2020-06-03;2020-06-09;Si;;;333.2194;153.7935;108;6910.7427;4852;1;3.2370;40;0;36;108;0;93;0;2872;1;0;0
CATALUNYA;GLOBAL;2020-06-02;2020-06-08;Si;;;360.2756;162.3376;114;6630.2118;4656;0;3.1373;41;0;43;114;0;88;0;2805;0;0;0
CATALUNYA;GLOBAL;2020-06-01;2020-06-07;Si;;;397.3000;138.1294;97;6338.2889;4447;4;2.9205;38;0;45;97;0;79;0;2702;3;0;0
CATALUNYA;GLOBAL;2020-05-31;2020-06-06;Si;;;410.1161;122.4652;86;6668.6602;4679;4;2.3834;40;1;54;86;0;69;0;2892;3;0;0
CATALUNYA;GLOBAL;2020-05-30;2020-06-05;Si;;;435.7484;140.9774;99;7315.1629;5132;5;2.4650;41;1;56;99;0;81;0;3283;3;0;0
CATALUNYA;GLOBAL;2020-05-29;2020-06-04;Si;;;502.6771;169.4577;119;7551.5493;5298;5;2.9480;38;1;61;119;0;101;0;3423;3;0;0
CATALUNYA;GLOBAL;2020-05-28;2020-06-03;Si;;;522.6133;170.8817;120;8180.9637;5740;5;3.1909;47;2;61;120;0;118;0;3695;3;0;0
CATALUNYA;GLOBAL;2020-05-27;2020-06-02;Si;;;619.4463;179.4258;126;8384.5978;5882;6;3.1882;44;2;55;126;0;123;0;3854;4;0;0
CATALUNYA;GLOBAL;2020-05-26;2020-06-01;Si;;;652.1986;197.9380;139;9365.7439;6567;10;3.2395;43;3;55;139;0;137;0;4221;8;0;0
CATALUNYA;GLOBAL;2020-05-25;2020-05-31;Si;;;670.7108;259.1706;182;10436.6028;7322;7;3.5601;45;4;60;181;1;169;0;4741;6;0;0
CATALUNYA;GLOBAL;2020-05-24;2020-05-30;Si;;;680.6789;287.6509;202;10862.3832;7621;7;3.8383;53;3;58;201;1;189;0;4918;6;0;0
CATALUNYA;GLOBAL;2020-05-23;2020-05-29;Si;;;686.3750;294.7710;207;11562.9984;8113;7;3.6274;57;3;65;206;1;192;0;5286;7;0;0
CATALUNYA;GLOBAL;2020-05-22;2020-05-28;Si;;;697.7671;333.2194;234;12549.8405;8806;7;3.7658;62;3;66;233;1;211;0;5596;7;0;0
CATALUNYA;GLOBAL;2020-05-21;2020-05-27;Si;;;750.4556;351.7316;247;13538.1066;9499;8;3.7543;63;2;70;246;1;228;0;6065;8;0;0
CATALUNYA;GLOBAL;2020-05-20;2020-05-26;Si;;;821.6564;440.0205;309;14866.7122;10431;9;4.2802;66;2;77;308;1;286;0;6674;8;0;0
CATALUNYA;GLOBAL;2020-05-19;2020-05-25;Si;;;864.3768;454.2606;319;15423.5019;10825;6;4.1180;75;2;80;317;2;296;0;7183;5;0;0
CATALUNYA;GLOBAL;2020-05-18;2020-05-24;Si;;;835.8965;411.5402;289;15880.6106;11145;7;3.7407;77;2;70;288;1;277;0;7399;6;0;0
CATALUNYA;GLOBAL;2020-05-17;2020-05-23;Si;;;838.7445;393.0280;276;15998.8038;11223;12;3.4876;73;2;70;275;1;263;0;7530;11;0;0
CATALUNYA;GLOBAL;2020-05-16;2020-05-22;Si;;;892.8571;391.6040;275;15568.7514;10920;13;3.6158;70;2;67;274;1;265;0;7317;12;0;0
CATALUNYA;GLOBAL;2020-05-15;2020-05-21;Si;;;882.8890;364.5477;256;14661.6541;10281;15;3.5487;74;2;77;255;1;251;0;7059;14;0;0
CATALUNYA;GLOBAL;2020-05-14;2020-05-20;Si;;;905.6732;398.7240;280;13875.5980;9730;14;3.8126;80;2;82;279;1;262;0;6859;13;0;0
CATALUNYA;GLOBAL;2020-05-13;2020-05-19;Si;;;914.2173;381.6359;268;13828.6056;9696;15;3.5163;82;2;84;265;3;236;1;6726;14;0;0
CATALUNYA;GLOBAL;2020-05-12;2020-05-18;Si;;;972.6019;410.1161;288;13599.3392;9532;18;3.7145;79;1;91;285;3;240;2;6501;14;0;0
CATALUNYA;GLOBAL;2020-05-11;2020-05-17;Si;;;1050.9227;424.3563;298;13422.7614;9405;21;3.9943;86;0;123;295;3;250;2;6292;17;0;0
CATALUNYA;GLOBAL;2020-05-10;2020-05-16;Si;;;1062.3148;445.7165;313;12877.3638;9022;21;4.4467;90;0;140;310;3;266;2;6012;15;0;0
CATALUNYA;GLOBAL;2020-05-09;2020-05-15;Si;;;1122.1234;501.2531;352;12912.9642;9043;25;4.9180;94;1;159;349;3;298;2;6082;18;0;0
CATALUNYA;GLOBAL;2020-05-08;2020-05-14;Si;;;1166.2679;518.3413;364;13113.7502;9180;29;4.9193;99;2;164;361;3;306;2;6241;20;0;0
CATALUNYA;GLOBAL;2020-05-07;2020-05-13;Si;;;1234.6206;506.9491;356;13099.5101;9165;34;4.7410;96;2;196;353;3;300;2;6346;24;0;0
CATALUNYA;GLOBAL;2020-05-06;2020-05-12;Si;;;1426.8626;532.5814;374;13699.0202;9581;39;4.5631;102;2;229;372;2;316;2;6940;29;0;0
CATALUNYA;GLOBAL;2020-05-05;2020-05-11;Si;;;1623.3766;562.4857;395;14063.5680;9835;41;4.5979;110;2;259;392;3;338;1;7340;33;0;0
CATALUNYA;GLOBAL;2020-05-04;2020-05-10;Si;;;1707.3934;626.5664;440;14690.1344;10278;38;4.5902;116;3;278;437;3;367;1;7988;29;0;0
CATALUNYA;GLOBAL;2020-05-03;2020-05-09;Si;;;1832.7067;616.5983;433;15535.9990;10871;39;4.1779;116;4;303;427;6;356;2;8537;32;0;0
CATALUNYA;GLOBAL;2020-05-02;2020-05-08;Si;;;1948.0519;620.8703;436;15453.4062;10813;39;3.8906;126;3;330;429;7;331;2;8526;33;0;0
CATALUNYA;GLOBAL;2020-05-01;2020-05-07;Si;;;2220.0387;647.9266;455;16042.9482;11230;36;3.5933;121;2;369;445;10;332;2;9263;32;0;0
CATALUNYA;GLOBAL;2020-04-30;2020-05-06;Si;;;2610.2187;727.6714;511;17674.8689;12376;36;3.6953;105;2;379;498;13;387;2;10496;31;0;0
CATALUNYA;GLOBAL;2020-04-29;2020-05-05;Si;;;3075.8714;894.2811;628;18250.1708;12784;32;3.8410;92;2;395;615;13;427;1;11115;28;0;0
CATALUNYA;GLOBAL;2020-04-28;2020-05-04;Si;;;3638.3572;1060.8908;745;19563.1123;13708;30;4.5020;71;2;425;734;11;544;2;12101;27;0;0
CATALUNYA;GLOBAL;2020-04-27;2020-05-03;Si;;;4059.8655;1080.8270;759;20433.1852;14315;34;4.4318;50;1;449;743;16;562;5;12762;32;0;0
CATALUNYA;GLOBAL;2020-04-26;2020-05-02;Si;;;4354.6365;1216.1084;854;21045.5115;14746;33;5.0045;37;0;467;841;13;659;4;13217;31;0;0
CATALUNYA;GLOBAL;2020-04-25;2020-05-01;Si;;;4848.7696;1327.1815;932;21981.0890;15402;34;5.5468;17;0;490;919;13;767;4;13868;32;0;0
CATALUNYA;GLOBAL;2020-04-24;2020-04-30;Si;;;6128.9587;1572.1120;1104;23645.7621;16563;42;6.7120;0;0;513;1091;13;991;5;14800;39;0;0
CATALUNYA;GLOBAL;2020-04-23;2020-04-29;Si;;;6907.8947;1882.5472;1322;23056.2200;16145;46;8.2538;0;0;533;1309;13;1178;7;14314;43;0;0
CATALUNYA;GLOBAL;2020-04-22;2020-04-28;Si;;;7641.2622;2181.5903;1532;24317.8970;16952;125;10.5583;0;0;556;1501;31;1591;24;15175;121;0;0
CATALUNYA;GLOBAL;2020-04-21;2020-04-27;Si;;;8149.6354;2577.4663;1810;25324.6753;17639;145;12.0923;0;0;602;1768;42;1911;28;15896;139;0;0
CATALUNYA;GLOBAL;2020-04-20;2020-04-26;Si;;;8472.8867;2979.0385;2092;25333.2194;17641;149;14.2232;0;0;636;2051;41;2248;29;15868;141;0;0
CATALUNYA;GLOBAL;2020-04-19;2020-04-25;Si;;;8602.4720;3138.5281;2204;25398.7240;17686;150;15.0607;0;0;696;2160;44;2389;32;15933;142;0;0
CATALUNYA;GLOBAL;2020-04-18;2020-04-24;Si;;;8965.5958;3521.5880;2473;26461.0389;18434;148;16.2260;0;0;750;2426;47;2697;34;16691;140;0;0
CATALUNYA;GLOBAL;2020-04-17;2020-04-23;Si;;;9385.6801;4556.8466;3200;26184.7801;18197;191;19.3589;0;0;814;3133;67;3194;49;16569;183;0;0
CATALUNYA;GLOBAL;2020-04-16;2020-04-22;Si;;;9727.4436;5025.3474;3529;26287.3091;18251;209;21.1766;0;0;892;3440;89;3527;69;16779;202;0;0
CATALUNYA;GLOBAL;2020-04-15;2020-04-21;Si;;;9881.2371;5459.6719;3834;24451.7543;17001;170;23.6796;0;0;970;3738;96;3674;74;15665;163;0;0
CATALUNYA;GLOBAL;2020-04-14;2020-04-20;Si;;;9808.6124;5572.1690;3913;21653.5657;15038;168;26.8174;0;0;1010;3814;99;3677;82;13854;163;0;0
CATALUNYA;GLOBAL;2020-04-13;2020-04-19;Si;;;9829.9726;5493.8482;3858;19504.7277;13490;207;28.1387;0;0;1073;3757;101;3503;83;12540;204;0;0
CATALUNYA;GLOBAL;2020-04-12;2020-04-18;Si;;;9717.4755;5463.9439;3837;18600.4784;12857;205;29.3782;0;0;1148;3737;100;3472;81;11893;201;0;0
CATALUNYA;GLOBAL;2020-04-11;2020-04-17;Si;;;9449.7607;5444.0077;3823;17065.3907;11765;219;32.0051;0;0;1213;3709;114;3429;97;10803;214;0;0
CATALUNYA;GLOBAL;2020-04-10;2020-04-16;Si;;;8680.7928;4828.8334;3391;14776.9993;10206;171;33.2180;0;0;1250;3287;104;3083;85;9370;167;0;0
CATALUNYA;GLOBAL;2020-04-09;2020-04-15;Si;;;8188.0838;4702.0961;3302;13674.8120;9417;186;34.2688;0;0;1299;3207;95;2938;78;8622;179;0;0
CATALUNYA;GLOBAL;2020-04-08;2020-04-14;Si;;;7688.2547;4421.5652;3105;12292.0938;8464;168;35.0641;0;0;1334;3020;85;2688;74;7715;162;0;0
CATALUNYA;GLOBAL;2020-04-07;2020-04-13;Si;;;7308.0428;4236.4433;2975;11514.5819;7843;243;35.1736;0;0;1388;2893;82;2521;72;7136;236;0;0
CATALUNYA;GLOBAL;2020-04-06;2020-04-12;Si;;;7305.1948;4336.1244;3045;11191.3305;7664;195;37.1372;0;0;1402;2968;77;2568;68;6910;188;0;0
CATALUNYA;GLOBAL;2020-04-05;2020-04-11;Si;;;7355.0353;4253.5315;2987;10475.0512;7164;192;38.6691;0;0;1392;2911;76;2483;68;6411;186;0;0
CATALUNYA;GLOBAL;2020-04-04;2020-04-10;Si;;;7105.8327;4005.7530;2813;9506.7213;6503;173;40.0067;0;0;1377;2755;58;2342;50;5811;168;0;0
CATALUNYA;GLOBAL;2020-04-03;2020-04-09;Si;;;6687.1724;3851.9594;2705;9049.6126;6188;167;41.8291;0;0;1384;2660;45;2314;46;5480;162;0;0
CATALUNYA;GLOBAL;2020-04-02;2020-04-08;Si;;;6238.6078;3485.9876;2448;7822.1120;5368;125;44.3825;0;0;1365;2416;32;2118;31;4718;124;0;0
CATALUNYA;GLOBAL;2020-04-01;2020-04-07;Si;;;5780.0751;3266.6894;2294;7105.8327;4891;99;46.4318;0;0;1319;2277;17;2017;13;4274;98;0;0
CATALUNYA;GLOBAL;2020-03-31;2020-04-06;Si;;;5472.4880;3071.5994;2157;6437.9699;4518;3;48.9260;0;0;1243;2151;6;1934;2;3955;2;0;0
CATALUNYA;GLOBAL;2020-03-30;2020-04-05;Si;;;5173.4449;2969.0704;2085;6452.2100;4529;2;47.9638;0;0;1209;2080;5;1907;1;3977;1;0;0
CATALUNYA;GLOBAL;2020-03-29;2020-04-04;Si;;;5095.1241;3101.5037;2178;6647.3000;4667;1;48.8288;0;0;1137;2174;4;2022;0;4141;0;0;0
CATALUNYA;GLOBAL;2020-03-28;2020-04-03;Si;;;4910.0022;3100.0797;2177;6620.2437;4648;1;48.8894;0;0;1053;2173;4;2003;0;4097;0;0;0
CATALUNYA;GLOBAL;2020-03-27;2020-04-02;Si;;;4464.2857;2835.2130;1991;5916.7805;4154;1;49.9048;0;0;959;1987;4;1835;0;3677;0;0;0
CATALUNYA;GLOBAL;2020-03-26;2020-04-01;Si;;;4175.2107;2752.6201;1933;5566.4730;3908;1;50.4016;0;0;860;1932;1;1757;0;3486;0;0;0
CATALUNYA;GLOBAL;2020-03-25;2020-03-31;Si;;;3765.0945;2513.3857;1765;5033.8915;3534;1;51.2571;0;0;761;1765;0;1631;0;3182;0;0;0
CATALUNYA;GLOBAL;2020-03-24;2020-03-30;Si;;;3451.8113;2400.8885;1686;4749.0886;3335;0;51.4730;0;0;673;1686;0;1555;0;3021;0;0;0
CATALUNYA;GLOBAL;2020-03-23;2020-03-29;Si;;;3058.7833;2204.3745;1548;4132.4903;2902;0;53.4560;0;0;575;1548;0;1423;0;2662;0;0;0
CATALUNYA;GLOBAL;2020-03-22;2020-03-28;Si;;;2772.5563;1993.6204;1400;3592.7887;2523;0;53.0361;0;0;493;1400;0;1249;0;2355;0;0;0
CATALUNYA;GLOBAL;2020-03-21;2020-03-27;Si;;;2467.8172;1809.9225;1271;3053.0872;2144;0;53.4692;0;0;423;1271;0;1102;0;2061;0;0;0
CATALUNYA;GLOBAL;2020-03-20;2020-03-26;Si;;;2130.3258;1629.0726;1144;2755.4682;1935;0;51.8459;0;0;345;1144;0;969;0;1869;0;0;0
CATALUNYA;GLOBAL;2020-03-19;2020-03-25;Si;;;1778.5942;1422.5905;999;2490.6015;1749;0;50.5910;0;0;287;999;0;856;0;1692;0;0;0
CATALUNYA;GLOBAL;2020-03-18;2020-03-24;Si;;;1505.1834;1251.7088;879;2251.3670;1581;0;48.0078;0;0;250;878;1;735;0;1531;0;0;0
CATALUNYA;GLOBAL;2020-03-17;2020-03-23;Si;;;1213.2604;1050.9227;738;1938.0838;1361;0;46.1014;0;0;218;737;1;609;0;1321;0;0;0
CATALUNYA;GLOBAL;2020-03-16;2020-03-22;Si;;;962.6338;854.4087;600;1691.7293;1188;0;44.6661;0;0;181;599;1;515;0;1153;0;0;0
CATALUNYA;GLOBAL;2020-03-15;2020-03-21;Si;;;833.0485;778.9359;547;1611.9845;1132;0;43.2334;0;0;156;546;1;476;0;1101;0;0;0
CATALUNYA;GLOBAL;2020-03-14;2020-03-20;Si;;;699.1911;657.8947;462;1362.7819;957;0;41.2766;0;0;142;461;1;388;0;940;0;0;0
CATALUNYA;GLOBAL;2020-03-13;2020-03-19;Si;;;524.0373;501.2531;352;1157.7238;813;0;37.5000;0;0;129;351;1;300;0;800;0;0;0
CATALUNYA;GLOBAL;2020-03-12;2020-03-18;Si;;;365.9717;356.0036;250;925.6094;650;0;34.1693;0;0;106;249;1;218;0;638;0;0;0
CATALUNYA;GLOBAL;2020-03-11;2020-03-17;Si;;;259.1706;253.4745;178;713.4313;501;0;31.3646;0;0;91;178;0;154;0;491;0;0;0
CATALUNYA;GLOBAL;2020-03-10;2020-03-16;Si;;;163.7616;162.3376;114;572.4538;402;0;26.3291;0;0;73;114;0;104;0;395;0;0;0
CATALUNYA;GLOBAL;2020-03-09;2020-03-15;Si;;;109.6491;108.2251;76;444.2925;312;0;23.5294;0;0;56;76;0;72;0;306;0;0;0
CATALUNYA;GLOBAL;2020-03-08;2020-03-14;Si;;;55.5365;54.1125;38;327.5233;230;0;15.1111;0;0;42;38;0;34;0;225;0;0;0
CATALUNYA;GLOBAL;2020-03-07;2020-03-13;Si;;;41.2964;41.2964;29;264.8667;186;0;13.1148;0;0;25;29;0;24;0;183;0;0;0
CATALUNYA;GLOBAL;2020-03-06;2020-03-12;Si;;;22.7842;22.7842;16;178.0018;125;0;8.9431;0;0;15;16;0;11;0;123;0;0;0
CATALUNYA;GLOBAL;2020-03-05;2020-03-11;Si;;;9.9681;9.9681;7;111.0731;78;0;3.8961;0;0;10;7;0;3;0;77;0;0;0
CATALUNYA;GLOBAL;2020-03-04;2020-03-10;Si;;;5.6960;5.6960;4;66.9286;47;0;2.1277;0;0;6;4;0;1;0;47;0;0;0
CATALUNYA;GLOBAL;2020-03-03;2020-03-09;Si;;;1.4240;1.4240;1;32.7523;23;0;0.0000;0;0;3;1;0;0;0;23;0;0;0
CATALUNYA;GLOBAL;2020-03-02;2020-03-08;Si;;;1.4240;1.4240;1;19.9362;14;0;0.0000;0;0;2;1;0;0;0;14;0;0;0
CATALUNYA;GLOBAL;2020-03-01;2020-03-07;Si;;;1.4240;1.4240;1;12.8161;9;0;0.0000;0;0;0;1;0;0;0;9;0;0;0
CATALUNYA;GLOBAL;2020-02-29;2020-03-06;Si;;;0.0000;0.0000;0;5.6960;4;0;0.0000;0;0;0;0;0;0;0;4;0;0;0
CATALUNYA;GLOBAL;2020-02-28;2020-03-05;Si;;;0.0000;0.0000;0;4.2720;3;0;0.0000;0;0;0;0;0;0;0;3;0;0;0
CATALUNYA;GLOBAL;2020-02-27;2020-03-04;Si;;;0.0000;0.0000;0;4.2720;3;0;0.0000;0;0;0;0;0;0;0;3;0;0;0
CATALUNYA;GLOBAL;2020-02-26;2020-03-03;Si;;;0.0000;0.0000;0;1.4240;1;0;0.0000;0;0;0;0;0;0;0;1;0;0;0
CATALUNYA;GLOBAL;2020-02-25;2020-03-02;Si;;;0.0000;0.0000;0;0.0000;0;0;0.0000;0;0;0;0;0;0;0;0;0;0;0
CATALUNYA;GLOBAL;2020-02-24;2020-03-01;Si;;;0.0000;0.0000;0;0.0000;0;0;0.0000;0;0;0;0;0;0;0;0;0;0;0
